============================================================
   Tang Dynasty, V6.2.168116
   Copyright (c) 2012-2025 Anlogic Inc.
   Executable = C:/Anlogic/TD/bin/td.exe
   Built at =   16:32:07 Jun 12 2025
   Run by =     xvhao
   Run Date =   Fri Oct 17 01:44:58 2025

   Run on =     XU
============================================================
RUN-1002 : start command "import_db C:/Users/xvhao/Desktop/prj/q3v3 _source/q4_Runs/phy_1/q4_pr.db"
RUN-1001 : Importing database generated by Tang Dynasty, V6.2.168116.
RUN-1001 : Database version number 46207
RUN-1001 : Import flow parameters
RUN-1001 : Import netlist
PHY-1001 : Generate detailed routing grids ...
PHY-1001 : End build routing graph; 4.428043s wall, 3.531250s user + 1.015625s system = 4.546875s CPU (102.7%)

PHY-1001 : Build lut bridge;  0.081960s wall, 0.078125s user + 0.015625s system = 0.093750s CPU (114.4%)

PHY-1001 : Generate nets ...
PHY-1001 : net cam_pclk_dup_1 will be routed on clock mesh
PHY-1001 : net clk_dup_1 will be routed on clock mesh
PHY-1001 : net phy1_rgmii_rx_clk_dup_1 will be routed on clock mesh
PHY-1001 : net U3/u2_ram/SDRAM_CLK will be routed on clock mesh
PHY-1001 : clock net u_ov5640_dri/u_i2c_dr/dri_clk_syn_4 will be merged with clock u_ov5640_dri/u_i2c_dr/dri_clk
PHY-1001 : clock net frame_read_write_m0/write_clk_syn_4 will be merged with clock frame_read_write_m0/write_clk
PHY-1001 : net frame_read_write_m0/read_buf/clkw will be routed on clock mesh
PHY-1001 : clock net sd_card_bmp_m0/bmp_read_m0/clk will be merged with clock sys_pll_m0/clk0_buf
PHY-1001 : clock net u_rx_pll/clk0_out will be merged with clock u_rx_pll/clk0_buf
PHY-1001 : clock net u_clk_gen/u_pll_0/clk0_out will be merged with clock u_clk_gen/u_pll_0/clk0_buf
PHY-1001 : net u4_trimac_block/u1_rgmii_interface/rgmii_txc_ddr/clk will be routed on clock mesh
PHY-1001 : net u4_trimac_block/gtx_clk will be routed on clock mesh
PHY-1001 : clock net u4_trimac_block/rx_clk will be merged with clock u4_trimac_block/u1_rgmii_interface/rgmii_rxc
PHY-1001 : eco open net = 0
PHY-1001 : 151 feed throughs used by 112 nets
RUN-1001 : Import phy database
RUN-1001 : Import timing constraints
RUN-1001 : Import IO constraints
RUN-1001 : Import Inst constraints
RUN-1001 : Import ChipWatcher
RUN-1001 : Import design success TD_VERSION=6.2.168116 , DB_VERSION=46207
RUN-1003 : finish command "import_db C:/Users/xvhao/Desktop/prj/q3v3 _source/q4_Runs/phy_1/q4_pr.db" in  8.212143s wall, 6.875000s user + 1.578125s system = 8.453125s CPU (102.9%)

RUN-1004 : used memory is 706 MB, reserved memory is 670 MB, peak memory is 774 MB
PRJ-1413 : reset_run syn_1 -step read_design.
PRJ-1412 : reset_run phy_1.
PRJ-1411 : launch_runs syn_1 -step read_design.
PRJ-1412 : reset_run phy_1.
RUN-1002 : start command "save_best_bits"
PRJ-1410 : Run syn_1 success.
RUN-1002 : start command "import_db C:/Users/xvhao/Desktop/prj/q3v3 _source/q4_Runs/syn_1/q4_elaborate.db"
RUN-1001 : Importing database generated by Tang Dynasty, V6.2.168116.
RUN-1001 : Database version number 46207
RUN-1001 : Import flow parameters
RUN-1001 : Import netlist
RUN-1001 : Import timing constraints
RUN-1001 : Import IO constraints
RUN-1001 : Import Inst constraints
RUN-1001 : Import ChipWatcher
RUN-1001 : Import design success TD_VERSION=6.2.168116 , DB_VERSION=46207
PRJ-1412 : reset_run syn_1 phy_1.
PRJ-1409 : launch_runs syn_1 phy_1  -jobs 6.
PRJ-1410 : Run syn_1 success.
RUN-1002 : start command "save_best_bits"
PRJ-5303 WARNING: Run phy_1 failed.
RUN-1002 : start command "import_db C:/Users/xvhao/Desktop/prj/q3v3 _source/q4_Runs/phy_1/q4_pr.db"
RUN-1001 : Importing database generated by Tang Dynasty, V6.2.168116.
RUN-1001 : Database version number 46207
RUN-1001 : Import flow parameters
RUN-1001 : Import netlist
PHY-1001 : Generate detailed routing grids ...
PHY-1001 : End build routing graph; 0.886399s wall, 0.796875s user + 0.125000s system = 0.921875s CPU (104.0%)

PHY-1001 : Build lut bridge;  0.082559s wall, 0.078125s user + 0.015625s system = 0.093750s CPU (113.6%)

PHY-1001 : Generate nets ...
PHY-1001 : net cam_pclk_dup_1 will be routed on clock mesh
PHY-1001 : net clk_dup_1 will be routed on clock mesh
PHY-1001 : net phy1_rgmii_rx_clk_dup_1 will be routed on clock mesh
PHY-1001 : net U3/u2_ram/SDRAM_CLK will be routed on clock mesh
PHY-1001 : clock net u_ov5640_dri/u_i2c_dr/dri_clk_syn_4 will be merged with clock u_ov5640_dri/u_i2c_dr/dri_clk
PHY-1001 : clock net frame_read_write_m0/write_clk_syn_4 will be merged with clock frame_read_write_m0/write_clk
PHY-1001 : net frame_read_write_m0/read_buf/clkw will be routed on clock mesh
PHY-1001 : clock net sd_card_bmp_m0/bmp_read_m0/clk will be merged with clock sys_pll_m0/clk0_buf
PHY-1001 : clock net u_rx_pll/clk0_out will be merged with clock u_rx_pll/clk0_buf
PHY-1001 : clock net u_clk_gen/u_pll_0/clk0_out will be merged with clock u_clk_gen/u_pll_0/clk0_buf
PHY-1001 : net u4_trimac_block/u1_rgmii_interface/rgmii_txc_ddr/clk will be routed on clock mesh
PHY-1001 : net u4_trimac_block/gtx_clk will be routed on clock mesh
PHY-1001 : clock net u4_trimac_block/rx_clk will be merged with clock u4_trimac_block/u1_rgmii_interface/rgmii_rxc
PHY-1001 : eco open net = 0
PHY-1001 : 169 feed throughs used by 128 nets
RUN-1001 : Import phy database
RUN-1001 : Import timing constraints
RUN-1001 : Import IO constraints
RUN-1001 : Import Inst constraints
RUN-1001 : Import ChipWatcher
RUN-1001 : Import design success TD_VERSION=6.2.168116 , DB_VERSION=46207
RUN-1003 : finish command "import_db C:/Users/xvhao/Desktop/prj/q3v3 _source/q4_Runs/phy_1/q4_pr.db" in  4.485722s wall, 3.984375s user + 0.609375s system = 4.593750s CPU (102.4%)

RUN-1004 : used memory is 737 MB, reserved memory is 688 MB, peak memory is 806 MB
RUN-1001 : Starting of IO setups legality check.
RUN-1001 : Starting of IO vref setups legality check.
PRJ-1413 : reset_run syn_1 -step read_design.
PRJ-1411 : launch_runs syn_1 -step opt_gate.
PRJ-1412 : reset_run phy_1.
PRJ-1410 : Run syn_1 success.
RUN-1002 : start command "save_best_bits"
PRJ-8817 ERROR: Run syn_1 should be up to date.
PRJ-1412 : reset_run syn_1 phy_1.
PRJ-1409 : launch_runs syn_1 phy_1  -jobs 6.
PRJ-1410 : Run syn_1 success.
PRJ-1410 : Run phy_1 success.
RUN-1002 : start command "save_best_bits"
PRJ-1424 : The implemented result of phy_1 is saved as best result.
RUN-1002 : start command "import_db C:/Users/xvhao/Desktop/prj/q3v3 _source/q4_Runs/phy_1/q4_pr.db"
RUN-1001 : Importing database generated by Tang Dynasty, V6.2.168116.
RUN-1001 : Database version number 46207
RUN-1001 : Import flow parameters
RUN-1001 : Import netlist
PHY-1001 : Generate detailed routing grids ...
PHY-1001 : End build routing graph; 0.896125s wall, 0.828125s user + 0.093750s system = 0.921875s CPU (102.9%)

PHY-1001 : Build lut bridge;  0.087973s wall, 0.078125s user + 0.015625s system = 0.093750s CPU (106.6%)

PHY-1001 : Generate nets ...
PHY-1001 : net clk_dup_1 will be routed on clock mesh
PHY-1001 : net phy1_rgmii_rx_clk_dup_1 will be routed on clock mesh
PHY-1001 : net U3/u2_ram/SDRAM_CLK will be routed on clock mesh
PHY-1001 : clock net u_ov5640_dri/u_i2c_dr/dri_clk_syn_4 will be merged with clock u_ov5640_dri/u_i2c_dr/dri_clk
PHY-1001 : clock net frame_read_write_m0/write_clk_syn_4 will be merged with clock frame_read_write_m0/write_clk
PHY-1001 : clock net cam_pclk_syn_4 will be merged with clock cam_pclk_dup_1
PHY-1001 : net frame_read_write_m0/read_buf/clkw will be routed on clock mesh
PHY-1001 : clock net sd_card_bmp_m0/bmp_read_m0/clk will be merged with clock sys_pll_m0/clk0_buf
PHY-1001 : clock net u_rx_pll/clk0_out will be merged with clock u_rx_pll/clk0_buf
PHY-1001 : clock net u_clk_gen/u_pll_0/clk0_out will be merged with clock u_clk_gen/u_pll_0/clk0_buf
PHY-1001 : net u4_trimac_block/u1_rgmii_interface/rgmii_txc_ddr/clk will be routed on clock mesh
PHY-1001 : net u4_trimac_block/gtx_clk will be routed on clock mesh
PHY-1001 : clock net u4_trimac_block/rx_clk will be merged with clock u4_trimac_block/u1_rgmii_interface/rgmii_rxc
PHY-1001 : eco open net = 0
PHY-1001 : 208 feed throughs used by 156 nets
RUN-1001 : Import phy database
RUN-1001 : Import timing constraints
RUN-1001 : Import IO constraints
RUN-1001 : Import Inst constraints
RUN-1001 : Import ChipWatcher
RUN-1001 : Import design success TD_VERSION=6.2.168116 , DB_VERSION=46207
RUN-1003 : finish command "import_db C:/Users/xvhao/Desktop/prj/q3v3 _source/q4_Runs/phy_1/q4_pr.db" in  4.710213s wall, 4.421875s user + 0.500000s system = 4.921875s CPU (104.5%)

RUN-1004 : used memory is 748 MB, reserved memory is 698 MB, peak memory is 811 MB
RUN-1002 : start command "commit_param -step design"
RUN-1001 : Print Global Property
RUN-1001 : --------------------------------------------------------
RUN-1001 :   Parameters   |  Settings  |  Default Values  |  Note  
RUN-1001 : --------------------------------------------------------
RUN-1001 :   enable_seed  |    off     |       off        |        
RUN-1001 :     message    |  standard  |     standard     |        
RUN-1001 :   qor_monitor  |     on     |        on        |        
RUN-1001 :   syn_ip_flow  |    off     |       off        |        
RUN-1001 :     thread     |    auto    |       auto       |        
RUN-1001 : --------------------------------------------------------
RUN-1001 : Print Design Property
RUN-1001 : ----------------------------------------------------------------
RUN-1001 :       Parameters       |  Settings  |  Default Values  |  Note  
RUN-1001 : ----------------------------------------------------------------
RUN-1001 :   default_reg_initial  |    auto    |       auto       |        
RUN-1001 :    hdl_warning_level   |   normal   |      normal      |        
RUN-1001 : ----------------------------------------------------------------
HDL-1007 : analyze verilog file src/video_define.v
HDL-1007 : analyze verilog file src/sdram_r/sdram_para.v
HDL-1007 : analyze verilog file src/sdram/enc_file/global_def.v
HDL-1007 : analyze verilog file ../../../../../Anlogic/HX4S20_Contest_2025_7_29/lab_ex_2025_7_12_nosoft/HXEG420_lab_ex/lab_ex_4_tf_sdram_etnernet_pc/UDP_EG4_6.2/prj/UDP_EXAMPLE/al_ip/TEMAC_CORE/RTL/mac_core_aead6cd6dadd.v
HDL-1007 : analyze verilog file ../../../../../Anlogic/HX4S20_Contest_2025_7_29/lab_ex_2025_7_12_nosoft/HXEG420_lab_ex/lab_ex_4_tf_sdram_etnernet_pc/UDP_EG4_6.2/prj/UDP_EXAMPLE/al_ip/TEMAC_CORE/RTL/TEMAC_CORE_aead6cd6dadd.v
HDL-5007 WARNING: column 1032 exceeds maximum value 1023 in ../../../../../Anlogic/HX4S20_Contest_2025_7_29/lab_ex_2025_7_12_nosoft/HXEG420_lab_ex/lab_ex_4_tf_sdram_etnernet_pc/UDP_EG4_6.2/prj/UDP_EXAMPLE/al_ip/TEMAC_CORE/RTL/TEMAC_CORE_aead6cd6dadd.v(30)
HDL-1007 : back to file '../../../../../Anlogic/HX4S20_Contest_2025_7_29/lab_ex_2025_7_12_nosoft/HXEG420_lab_ex/lab_ex_4_tf_sdram_etnernet_pc/UDP_EG4_6.2/prj/UDP_EXAMPLE/al_ip/TEMAC_CORE/RTL/TEMAC_CORE_aead6cd6dadd.v' in ../../../../../Anlogic/HX4S20_Contest_2025_7_29/lab_ex_2025_7_12_nosoft/HXEG420_lab_ex/lab_ex_4_tf_sdram_etnernet_pc/UDP_EG4_6.2/prj/UDP_EXAMPLE/al_ip/TEMAC_CORE/RTL/TEMAC_CORE_aead6cd6dadd.v(86)
HDL-5007 WARNING: event expressions must result in a singular type in ../../../../../Anlogic/HX4S20_Contest_2025_7_29/lab_ex_2025_7_12_nosoft/HXEG420_lab_ex/lab_ex_4_tf_sdram_etnernet_pc/UDP_EG4_6.2/prj/UDP_EXAMPLE/al_ip/TEMAC_CORE/RTL/TEMAC_CORE_aead6cd6dadd.v(3001)
HDL-1007 : undeclared symbol '**', assumed default net type '**' in ../../../../../Anlogic/HX4S20_Contest_2025_7_29/lab_ex_2025_7_12_nosoft/HXEG420_lab_ex/lab_ex_4_tf_sdram_etnernet_pc/UDP_EG4_6.2/prj/UDP_EXAMPLE/al_ip/TEMAC_CORE/RTL/TEMAC_CORE_aead6cd6dadd.v(5050)
HDL-1007 : undeclared symbol '**', assumed default net type '**' in ../../../../../Anlogic/HX4S20_Contest_2025_7_29/lab_ex_2025_7_12_nosoft/HXEG420_lab_ex/lab_ex_4_tf_sdram_etnernet_pc/UDP_EG4_6.2/prj/UDP_EXAMPLE/al_ip/TEMAC_CORE/RTL/TEMAC_CORE_aead6cd6dadd.v(5458)
HDL-5007 WARNING: column 1035 exceeds maximum value 1023 in ../../../../../Anlogic/HX4S20_Contest_2025_7_29/lab_ex_2025_7_12_nosoft/HXEG420_lab_ex/lab_ex_4_tf_sdram_etnernet_pc/UDP_EG4_6.2/prj/UDP_EXAMPLE/al_ip/TEMAC_CORE/RTL/TEMAC_CORE_aead6cd6dadd.v(6001)
HDL-1007 : back to file '../../../../../Anlogic/HX4S20_Contest_2025_7_29/lab_ex_2025_7_12_nosoft/HXEG420_lab_ex/lab_ex_4_tf_sdram_etnernet_pc/UDP_EG4_6.2/prj/UDP_EXAMPLE/al_ip/TEMAC_CORE/RTL/TEMAC_CORE_aead6cd6dadd.v' in ../../../../../Anlogic/HX4S20_Contest_2025_7_29/lab_ex_2025_7_12_nosoft/HXEG420_lab_ex/lab_ex_4_tf_sdram_etnernet_pc/UDP_EG4_6.2/prj/UDP_EXAMPLE/al_ip/TEMAC_CORE/RTL/TEMAC_CORE_aead6cd6dadd.v(260)
HDL-1007 : analyze verilog file ../../../../../Anlogic/HX4S20_Contest_2025_7_29/lab_ex_2025_7_12_nosoft/HXEG420_lab_ex/lab_ex_4_tf_sdram_etnernet_pc/UDP_EG4_6.2/prj/UDP_EXAMPLE/al_ip/TEMAC_CORE/TEMAC_CORE.v
HDL-1007 : analyze verilog file ../../../../../Anlogic/HX4S20_Contest_2025_7_29/lab_ex_2025_7_12_nosoft/HXEG420_lab_ex/lab_ex_4_tf_sdram_etnernet_pc/UDP_EG4_6.2/prj/UDP_EXAMPLE/al_ip/pll_gen.v
HDL-1007 : undeclared symbol 'pll_gen_open0', assumed default net type 'wire' in ../../../../../Anlogic/HX4S20_Contest_2025_7_29/lab_ex_2025_7_12_nosoft/HXEG420_lab_ex/lab_ex_4_tf_sdram_etnernet_pc/UDP_EG4_6.2/prj/UDP_EXAMPLE/al_ip/pll_gen.v(99)
HDL-1007 : undeclared symbol 'pll_gen_open8', assumed default net type 'wire' in ../../../../../Anlogic/HX4S20_Contest_2025_7_29/lab_ex_2025_7_12_nosoft/HXEG420_lab_ex/lab_ex_4_tf_sdram_etnernet_pc/UDP_EG4_6.2/prj/UDP_EXAMPLE/al_ip/pll_gen.v(105)
HDL-1007 : undeclared symbol 'pll_gen_open7', assumed default net type 'wire' in ../../../../../Anlogic/HX4S20_Contest_2025_7_29/lab_ex_2025_7_12_nosoft/HXEG420_lab_ex/lab_ex_4_tf_sdram_etnernet_pc/UDP_EG4_6.2/prj/UDP_EXAMPLE/al_ip/pll_gen.v(105)
HDL-1007 : undeclared symbol 'pll_gen_open6', assumed default net type 'wire' in ../../../../../Anlogic/HX4S20_Contest_2025_7_29/lab_ex_2025_7_12_nosoft/HXEG420_lab_ex/lab_ex_4_tf_sdram_etnernet_pc/UDP_EG4_6.2/prj/UDP_EXAMPLE/al_ip/pll_gen.v(105)
HDL-1007 : undeclared symbol 'pll_gen_open5', assumed default net type 'wire' in ../../../../../Anlogic/HX4S20_Contest_2025_7_29/lab_ex_2025_7_12_nosoft/HXEG420_lab_ex/lab_ex_4_tf_sdram_etnernet_pc/UDP_EG4_6.2/prj/UDP_EXAMPLE/al_ip/pll_gen.v(105)
HDL-1007 : undeclared symbol 'pll_gen_open4', assumed default net type 'wire' in ../../../../../Anlogic/HX4S20_Contest_2025_7_29/lab_ex_2025_7_12_nosoft/HXEG420_lab_ex/lab_ex_4_tf_sdram_etnernet_pc/UDP_EG4_6.2/prj/UDP_EXAMPLE/al_ip/pll_gen.v(105)
HDL-1007 : undeclared symbol 'pll_gen_open3', assumed default net type 'wire' in ../../../../../Anlogic/HX4S20_Contest_2025_7_29/lab_ex_2025_7_12_nosoft/HXEG420_lab_ex/lab_ex_4_tf_sdram_etnernet_pc/UDP_EG4_6.2/prj/UDP_EXAMPLE/al_ip/pll_gen.v(105)
HDL-1007 : undeclared symbol 'pll_gen_open2', assumed default net type 'wire' in ../../../../../Anlogic/HX4S20_Contest_2025_7_29/lab_ex_2025_7_12_nosoft/HXEG420_lab_ex/lab_ex_4_tf_sdram_etnernet_pc/UDP_EG4_6.2/prj/UDP_EXAMPLE/al_ip/pll_gen.v(105)
HDL-1007 : undeclared symbol 'pll_gen_open1', assumed default net type 'wire' in ../../../../../Anlogic/HX4S20_Contest_2025_7_29/lab_ex_2025_7_12_nosoft/HXEG420_lab_ex/lab_ex_4_tf_sdram_etnernet_pc/UDP_EG4_6.2/prj/UDP_EXAMPLE/al_ip/pll_gen.v(105)
HDL-1007 : analyze verilog file ../../../../../Anlogic/HX4S20_Contest_2025_7_29/lab_ex_2025_7_12_nosoft/HXEG420_lab_ex/lab_ex_4_tf_sdram_etnernet_pc/UDP_EG4_6.2/prj/UDP_EXAMPLE/al_ip/rx_pll.v
HDL-1007 : undeclared symbol 'open', assumed default net type 'wire' in ../../../../../Anlogic/HX4S20_Contest_2025_7_29/lab_ex_2025_7_12_nosoft/HXEG420_lab_ex/lab_ex_4_tf_sdram_etnernet_pc/UDP_EG4_6.2/prj/UDP_EXAMPLE/al_ip/rx_pll.v(78)
HDL-1007 : analyze verilog file ../../../../../Anlogic/HX4S20_Contest_2025_7_29/lab_ex_2025_7_12_nosoft/HXEG420_lab_ex/lab_ex_5_HX4S20_OV5640/al_ip/afifo_16_32_256.v
HDL-1007 : analyze verilog file ../../../../../Anlogic/HX4S20_Contest_2025_7_29/lab_ex_2025_7_12_nosoft/HXEG420_lab_ex/lab_ex_5_HX4S20_OV5640/al_ip/afifo_32_16_256.v
HDL-1007 : analyze verilog file ../../../../../Anlogic/HX4S20_Contest_2025_7_29/lab_ex_2025_7_12_nosoft/HXEG420_lab_ex/lab_ex_5_HX4S20_OV5640/al_ip/video_pll.v
HDL-1007 : undeclared symbol 'open', assumed default net type 'wire' in ../../../../../Anlogic/HX4S20_Contest_2025_7_29/lab_ex_2025_7_12_nosoft/HXEG420_lab_ex/lab_ex_5_HX4S20_OV5640/al_ip/video_pll.v(70)
HDL-1007 : analyze verilog file ../../../../../Anlogic/HX4S20_Contest_2025_7_29/lab_ex_2025_7_12_nosoft/HXEG420_lab_ex/lab_ex_6_tf_sdram_hdmi/al_ip/sys_pll.v
HDL-1007 : undeclared symbol 'open', assumed default net type 'wire' in ../../../../../Anlogic/HX4S20_Contest_2025_7_29/lab_ex_2025_7_12_nosoft/HXEG420_lab_ex/lab_ex_6_tf_sdram_hdmi/al_ip/sys_pll.v(77)
HDL-1007 : analyze verilog file src/color_bar.v
HDL-1007 : analyze included file src/video_define.v in src/color_bar.v(2)
HDL-1007 : back to file 'src/color_bar.v' in src/color_bar.v(2)
HDL-1007 : analyze verilog file src/frame_fifo_read.v
HDL-1007 : analyze verilog file src/frame_fifo_write.v
HDL-1007 : analyze verilog file src/top.v
HDL-1007 : analyze verilog file src/video_timing_data.v
HDL-1007 : analyze verilog file src/sdram/enc_file/sdr_as_ram.enc.v
HDL-1007 : back to file 'src/sdram/enc_file/sdr_as_ram.enc.v' in src/sdram/enc_file/sdr_as_ram.enc.v(45)
HDL-1007 : analyze verilog file src/sdram/enc_file/sdr_wrrd.enc.v
HDL-5007 WARNING: concatenation with an unsized literal will be treated as 32 bits in src/sdram/enc_file/sdr_wrrd.enc.v(283)
HDL-1007 : back to file 'src/sdram/enc_file/sdr_wrrd.enc.v' in src/sdram/enc_file/sdr_wrrd.enc.v(19)
HDL-1007 : analyze verilog file src/sdram/sdram.v
HDL-1007 : analyze included file ./src/sdram/enc_file/global_def.v in src/sdram/sdram.v(10)
HDL-1007 : back to file 'src/sdram/sdram.v' in src/sdram/sdram.v(10)
HDL-1007 : undeclared symbol 'SDR_CKE', assumed default net type 'wire' in src/sdram/sdram.v(89)
HDL-1007 : analyze verilog file src/frame_read_write.v
HDL-1007 : analyze verilog file src/video_delay.v
HDL-1007 : analyze VHDL file src/hdmi/enc_file/DVITransmitter.enc.vhd
HDL-1007 : analyze entity dvitransmitter in src/hdmi/enc_file/DVITransmitter.enc.vhd(13)
HDL-1007 : analyze architecture ** in src/hdmi/enc_file/DVITransmitter.enc.vhd(2)
HDL-1007 : analyze VHDL file src/hdmi/enc_file/SerializerN_1_lvds.enc.vhd
HDL-1007 : analyze entity ** in src/hdmi/enc_file/SerializerN_1_lvds.enc.vhd(12)
HDL-1007 : analyze architecture ** in src/hdmi/enc_file/SerializerN_1_lvds.enc.vhd(25)
HDL-1007 : analyze VHDL file src/hdmi/enc_file/SerializerN_1_lvds_dat.enc.vhd
HDL-1007 : analyze entity ** in src/hdmi/enc_file/SerializerN_1_lvds_dat.enc.vhd(14)
HDL-1007 : analyze architecture ** in src/hdmi/enc_file/SerializerN_1_lvds_dat.enc.vhd(28)
HDL-1007 : analyze VHDL file src/hdmi/enc_file/TMDSEncoder.enc.vhd
HDL-1007 : analyze entity ** in src/hdmi/enc_file/TMDSEncoder.enc.vhd(13)
HDL-1007 : analyze architecture ** in src/hdmi/enc_file/TMDSEncoder.enc.vhd(24)
HDL-1007 : analyze verilog file src/hdmi/enc_file/video_tpg_1024768.enc.v
HDL-5007 WARNING: literal value ** truncated to fit in ** bits in src/hdmi/enc_file/video_tpg_1024768.enc.v(231)
HDL-1007 : back to file 'src/hdmi/enc_file/video_tpg_1024768.enc.v' in src/hdmi/enc_file/video_tpg_1024768.enc.v(1)
HDL-1007 : analyze verilog file src/hdmi/enc_file/video_tpg_1080p.enc.v
HDL-1007 : back to file 'src/hdmi/enc_file/video_tpg_1080p.enc.v' in src/hdmi/enc_file/video_tpg_1080p.enc.v(1)
HDL-1007 : analyze verilog file src/hdmi/enc_file/video_tpg_12801024p.enc.v
HDL-1007 : back to file 'src/hdmi/enc_file/video_tpg_12801024p.enc.v' in src/hdmi/enc_file/video_tpg_12801024p.enc.v(1)
HDL-1007 : analyze verilog file src/hdmi/enc_file/video_tpg_1280800.enc.v
HDL-5007 WARNING: literal value ** truncated to fit in ** bits in src/hdmi/enc_file/video_tpg_1280800.enc.v(233)
HDL-1007 : back to file 'src/hdmi/enc_file/video_tpg_1280800.enc.v' in src/hdmi/enc_file/video_tpg_1280800.enc.v(1)
HDL-1007 : analyze verilog file src/hdmi/enc_file/video_tpg_16801050p.enc.v
HDL-1007 : back to file 'src/hdmi/enc_file/video_tpg_16801050p.enc.v' in src/hdmi/enc_file/video_tpg_16801050p.enc.v(1)
HDL-1007 : analyze verilog file src/hdmi/enc_file/video_tpg_800600.enc.v
HDL-1007 : back to file 'src/hdmi/enc_file/video_tpg_800600.enc.v' in src/hdmi/enc_file/video_tpg_800600.enc.v(1)
HDL-1007 : analyze VHDL file src/hdmi/hdmi_tx.vhd
HDL-1007 : analyze entity hdmi_tx in src/hdmi/hdmi_tx.vhd(11)
HDL-1007 : analyze architecture behavioral in src/hdmi/hdmi_tx.vhd(33)
HDL-1007 : analyze verilog file src/sdram/enc_file/sdr_init_ref.enc.v
HDL-1007 : analyze included file ./src/sdram/enc_file/global_def.v in src/sdram/enc_file/sdr_init_ref.enc.v(11)
HDL-1007 : back to file 'src/sdram/enc_file/sdr_init_ref.enc.v' in src/sdram/enc_file/sdr_init_ref.enc.v(11)
HDL-1007 : undeclared symbol '**', assumed default net type '**' in src/sdram/enc_file/sdr_init_ref.enc.v(57)
HDL-1007 : back to file 'src/sdram/enc_file/sdr_init_ref.enc.v' in src/sdram/enc_file/sdr_init_ref.enc.v(149)
HDL-5007 WARNING: concatenation with an unsized literal will be treated as 32 bits in src/sdram/enc_file/sdr_init_ref.enc.v(47)
HDL-1007 : analyze verilog file src/ov5640/cmos_capture_data.v
HDL-1007 : analyze verilog file src/ov5640/i2c_dri.v
HDL-1007 : analyze verilog file src/ov5640/i2c_ov5640_rgb565_cfg.v
HDL-1007 : analyze verilog file src/ov5640/ov5640_dri.v
HDL-1007 : analyze verilog file src/ov5640/ov5640_delay.v
HDL-1007 : analyze verilog file import/udp_cam_ctrl.v
HDL-1007 : analyze verilog file import/clk_gen_rst_gen.v
HDL-1007 : analyze verilog file import/div_clk_gen.v
HDL-1007 : analyze verilog file import/IDDR.v
HDL-1007 : analyze verilog file import/ODDR.v
HDL-1007 : analyze verilog file import/RAMB16_S9_S9.v
HDL-1007 : undeclared symbol 'open', assumed default net type 'wire' in import/RAMB16_S9_S9.v(109)
HDL-1007 : analyze verilog file import/rgmii_interface.v
HDL-1007 : analyze verilog file import/rx_client_fifo.v
HDL-5370 WARNING: parameter 'WAIT_s' becomes localparam in 'rx_client_fifo' with formal parameter declaration list in import/rx_client_fifo.v(49)
HDL-5370 WARNING: parameter 'QUEUE1_s' becomes localparam in 'rx_client_fifo' with formal parameter declaration list in import/rx_client_fifo.v(50)
HDL-5370 WARNING: parameter 'QUEUE2_s' becomes localparam in 'rx_client_fifo' with formal parameter declaration list in import/rx_client_fifo.v(51)
HDL-5370 WARNING: parameter 'QUEUE3_s' becomes localparam in 'rx_client_fifo' with formal parameter declaration list in import/rx_client_fifo.v(52)
HDL-5370 WARNING: parameter 'QUEUE_SOF_s' becomes localparam in 'rx_client_fifo' with formal parameter declaration list in import/rx_client_fifo.v(53)
HDL-5370 WARNING: parameter 'SOF_s' becomes localparam in 'rx_client_fifo' with formal parameter declaration list in import/rx_client_fifo.v(54)
HDL-5370 WARNING: parameter 'DATA_s' becomes localparam in 'rx_client_fifo' with formal parameter declaration list in import/rx_client_fifo.v(55)
HDL-5370 WARNING: parameter 'EOF_s' becomes localparam in 'rx_client_fifo' with formal parameter declaration list in import/rx_client_fifo.v(56)
HDL-5370 WARNING: parameter 'IDLE_s' becomes localparam in 'rx_client_fifo' with formal parameter declaration list in import/rx_client_fifo.v(62)
HDL-5370 WARNING: parameter 'FRAME_s' becomes localparam in 'rx_client_fifo' with formal parameter declaration list in import/rx_client_fifo.v(63)
HDL-5370 Similar messages will be suppressed.
HDL-1007 : analyze verilog file import/temac_block.v
HDL-1007 : analyze verilog file import/temac_clk_gen.v
HDL-1007 : analyze verilog file import/tx_client_fifo.v
HDL-5370 WARNING: parameter 'IDLE_s' becomes localparam in 'tx_client_fifo' with formal parameter declaration list in import/tx_client_fifo.v(53)
HDL-5370 WARNING: parameter 'QUEUE1_s' becomes localparam in 'tx_client_fifo' with formal parameter declaration list in import/tx_client_fifo.v(54)
HDL-5370 WARNING: parameter 'QUEUE2_s' becomes localparam in 'tx_client_fifo' with formal parameter declaration list in import/tx_client_fifo.v(55)
HDL-5370 WARNING: parameter 'QUEUE3_s' becomes localparam in 'tx_client_fifo' with formal parameter declaration list in import/tx_client_fifo.v(56)
HDL-5370 WARNING: parameter 'QUEUE_ACK_s' becomes localparam in 'tx_client_fifo' with formal parameter declaration list in import/tx_client_fifo.v(57)
HDL-5370 WARNING: parameter 'WAIT_ACK_s' becomes localparam in 'tx_client_fifo' with formal parameter declaration list in import/tx_client_fifo.v(58)
HDL-5370 WARNING: parameter 'FRAME_s' becomes localparam in 'tx_client_fifo' with formal parameter declaration list in import/tx_client_fifo.v(59)
HDL-5370 WARNING: parameter 'DROP_s' becomes localparam in 'tx_client_fifo' with formal parameter declaration list in import/tx_client_fifo.v(60)
HDL-5370 WARNING: parameter 'RETRANSMIT_s' becomes localparam in 'tx_client_fifo' with formal parameter declaration list in import/tx_client_fifo.v(61)
HDL-5370 WARNING: parameter 'WAIT_s' becomes localparam in 'tx_client_fifo' with formal parameter declaration list in import/tx_client_fifo.v(67)
HDL-5370 Similar messages will be suppressed.
HDL-1007 : analyze verilog file import/tx_clk_en_gen.v
HDL-1007 : analyze verilog file import/udp_data_tpg.v
HDL-1007 : analyze verilog file import/udp_ip_protocol_stack_merge.enc.v
HDL-1007 : back to file 'import/udp_ip_protocol_stack_merge.enc.v' in import/udp_ip_protocol_stack_merge.enc.v(56)
HDL-1007 : undeclared symbol '**', assumed default net type '**' in import/udp_ip_protocol_stack_merge.enc.v(2638)
HDL-1007 : back to file 'import/udp_ip_protocol_stack_merge.enc.v' in import/udp_ip_protocol_stack_merge.enc.v(420)
HDL-1007 : analyze verilog file import/udp_loopback.v
HDL-1007 : analyze verilog file import/sd_card_cmd.v
HDL-1007 : analyze verilog file import/sd_card_sec_read_write.v
HDL-1007 : analyze verilog file import/sd_card_top.v
HDL-1007 : analyze verilog file import/spi_master.v
HDL-1007 : analyze verilog file import/mac_core_aead6cd6dadd.v
HDL-7201 CRITICAL-WARNING: overwrite current module 'mac_core_aead6cd6dadd' in import/mac_core_aead6cd6dadd.v(14)
HDL-7307 CRITICAL-WARNING: previous definition of design element module 'mac_core_aead6cd6dadd' is here. This is because multiple modules(values) with the same name are defined. Please consider rewriting code in ../../../../../Anlogic/HX4S20_Contest_2025_7_29/lab_ex_2025_7_12_nosoft/HXEG420_lab_ex/lab_ex_4_tf_sdram_etnernet_pc/UDP_EG4_6.2/prj/UDP_EXAMPLE/al_ip/TEMAC_CORE/RTL/mac_core_aead6cd6dadd.v(14)
HDL-1007 : analyze verilog file import/TEMAC_CORE_aead6cd6dadd.v
HDL-5007 WARNING: column 1032 exceeds maximum value 1023 in import/TEMAC_CORE_aead6cd6dadd.v(30)
HDL-1007 : back to file 'import/TEMAC_CORE_aead6cd6dadd.v' in import/TEMAC_CORE_aead6cd6dadd.v(86)
HDL-7201 CRITICAL-WARNING: overwrite current module 'TEMAC_CORE_aead6cd6dadd' in import/TEMAC_CORE_aead6cd6dadd.v(1)
HDL-7307 CRITICAL-WARNING: previous definition of design element module 'TEMAC_CORE_aead6cd6dadd' is here. This is because multiple modules(values) with the same name are defined. Please consider rewriting code in ../../../../../Anlogic/HX4S20_Contest_2025_7_29/lab_ex_2025_7_12_nosoft/HXEG420_lab_ex/lab_ex_4_tf_sdram_etnernet_pc/UDP_EG4_6.2/prj/UDP_EXAMPLE/al_ip/TEMAC_CORE/RTL/TEMAC_CORE_aead6cd6dadd.v(1)
HDL-7201 CRITICAL-WARNING: overwrite current ** '**' in import/TEMAC_CORE_aead6cd6dadd.v(3)
HDL-7307 CRITICAL-WARNING: previous definition of design element ** '**' is here. This is because multiple modules(values) with the same name are defined. Please consider rewriting code in ../../../../../Anlogic/HX4S20_Contest_2025_7_29/lab_ex_2025_7_12_nosoft/HXEG420_lab_ex/lab_ex_4_tf_sdram_etnernet_pc/UDP_EG4_6.2/prj/UDP_EXAMPLE/al_ip/TEMAC_CORE/RTL/TEMAC_CORE_aead6cd6dadd.v(3)
HDL-7201 CRITICAL-WARNING: overwrite current ** '**' in import/TEMAC_CORE_aead6cd6dadd.v(186)
HDL-7307 CRITICAL-WARNING: previous definition of design element ** '**' is here. This is because multiple modules(values) with the same name are defined. Please consider rewriting code in ../../../../../Anlogic/HX4S20_Contest_2025_7_29/lab_ex_2025_7_12_nosoft/HXEG420_lab_ex/lab_ex_4_tf_sdram_etnernet_pc/UDP_EG4_6.2/prj/UDP_EXAMPLE/al_ip/TEMAC_CORE/RTL/TEMAC_CORE_aead6cd6dadd.v(186)
HDL-7201 CRITICAL-WARNING: overwrite current ** '**' in import/TEMAC_CORE_aead6cd6dadd.v(225)
HDL-7307 CRITICAL-WARNING: previous definition of design element ** '**' is here. This is because multiple modules(values) with the same name are defined. Please consider rewriting code in ../../../../../Anlogic/HX4S20_Contest_2025_7_29/lab_ex_2025_7_12_nosoft/HXEG420_lab_ex/lab_ex_4_tf_sdram_etnernet_pc/UDP_EG4_6.2/prj/UDP_EXAMPLE/al_ip/TEMAC_CORE/RTL/TEMAC_CORE_aead6cd6dadd.v(225)
HDL-7201 CRITICAL-WARNING: overwrite current ** '**' in import/TEMAC_CORE_aead6cd6dadd.v(253)
HDL-7307 CRITICAL-WARNING: previous definition of design element ** '**' is here. This is because multiple modules(values) with the same name are defined. Please consider rewriting code in ../../../../../Anlogic/HX4S20_Contest_2025_7_29/lab_ex_2025_7_12_nosoft/HXEG420_lab_ex/lab_ex_4_tf_sdram_etnernet_pc/UDP_EG4_6.2/prj/UDP_EXAMPLE/al_ip/TEMAC_CORE/RTL/TEMAC_CORE_aead6cd6dadd.v(253)
HDL-5007 WARNING: event expressions must result in a singular type in import/TEMAC_CORE_aead6cd6dadd.v(3001)
HDL-7201 CRITICAL-WARNING: overwrite current ** '**' in import/TEMAC_CORE_aead6cd6dadd.v(1251)
HDL-7307 CRITICAL-WARNING: previous definition of design element ** '**' is here. This is because multiple modules(values) with the same name are defined. Please consider rewriting code in ../../../../../Anlogic/HX4S20_Contest_2025_7_29/lab_ex_2025_7_12_nosoft/HXEG420_lab_ex/lab_ex_4_tf_sdram_etnernet_pc/UDP_EG4_6.2/prj/UDP_EXAMPLE/al_ip/TEMAC_CORE/RTL/TEMAC_CORE_aead6cd6dadd.v(1251)
HDL-7201 CRITICAL-WARNING: overwrite current ** '**' in import/TEMAC_CORE_aead6cd6dadd.v(3754)
HDL-7307 CRITICAL-WARNING: previous definition of design element ** '**' is here. This is because multiple modules(values) with the same name are defined. Please consider rewriting code in ../../../../../Anlogic/HX4S20_Contest_2025_7_29/lab_ex_2025_7_12_nosoft/HXEG420_lab_ex/lab_ex_4_tf_sdram_etnernet_pc/UDP_EG4_6.2/prj/UDP_EXAMPLE/al_ip/TEMAC_CORE/RTL/TEMAC_CORE_aead6cd6dadd.v(3754)
HDL-7201 CRITICAL-WARNING: overwrite current ** '**' in import/TEMAC_CORE_aead6cd6dadd.v(3808)
HDL-7307 CRITICAL-WARNING: previous definition of design element ** '**' is here. This is because multiple modules(values) with the same name are defined. Please consider rewriting code in ../../../../../Anlogic/HX4S20_Contest_2025_7_29/lab_ex_2025_7_12_nosoft/HXEG420_lab_ex/lab_ex_4_tf_sdram_etnernet_pc/UDP_EG4_6.2/prj/UDP_EXAMPLE/al_ip/TEMAC_CORE/RTL/TEMAC_CORE_aead6cd6dadd.v(3808)
HDL-7201 CRITICAL-WARNING: overwrite current ** '**' in import/TEMAC_CORE_aead6cd6dadd.v(3818)
HDL-7307 CRITICAL-WARNING: previous definition of design element ** '**' is here. This is because multiple modules(values) with the same name are defined. Please consider rewriting code in ../../../../../Anlogic/HX4S20_Contest_2025_7_29/lab_ex_2025_7_12_nosoft/HXEG420_lab_ex/lab_ex_4_tf_sdram_etnernet_pc/UDP_EG4_6.2/prj/UDP_EXAMPLE/al_ip/TEMAC_CORE/RTL/TEMAC_CORE_aead6cd6dadd.v(3818)
HDL-7201 CRITICAL-WARNING: overwrite current ** '**' in import/TEMAC_CORE_aead6cd6dadd.v(3829)
HDL-7307 CRITICAL-WARNING: previous definition of design element ** '**' is here. This is because multiple modules(values) with the same name are defined. Please consider rewriting code in ../../../../../Anlogic/HX4S20_Contest_2025_7_29/lab_ex_2025_7_12_nosoft/HXEG420_lab_ex/lab_ex_4_tf_sdram_etnernet_pc/UDP_EG4_6.2/prj/UDP_EXAMPLE/al_ip/TEMAC_CORE/RTL/TEMAC_CORE_aead6cd6dadd.v(3829)
HDL-7201 CRITICAL-WARNING: overwrite current ** '**' in import/TEMAC_CORE_aead6cd6dadd.v(3844)
HDL-7307 CRITICAL-WARNING: previous definition of design element ** '**' is here. This is because multiple modules(values) with the same name are defined. Please consider rewriting code in ../../../../../Anlogic/HX4S20_Contest_2025_7_29/lab_ex_2025_7_12_nosoft/HXEG420_lab_ex/lab_ex_4_tf_sdram_etnernet_pc/UDP_EG4_6.2/prj/UDP_EXAMPLE/al_ip/TEMAC_CORE/RTL/TEMAC_CORE_aead6cd6dadd.v(3844)
HDL-7201 CRITICAL-WARNING: overwrite current ** '**' in import/TEMAC_CORE_aead6cd6dadd.v(3865)
HDL-7307 CRITICAL-WARNING: previous definition of design element ** '**' is here. This is because multiple modules(values) with the same name are defined. Please consider rewriting code in ../../../../../Anlogic/HX4S20_Contest_2025_7_29/lab_ex_2025_7_12_nosoft/HXEG420_lab_ex/lab_ex_4_tf_sdram_etnernet_pc/UDP_EG4_6.2/prj/UDP_EXAMPLE/al_ip/TEMAC_CORE/RTL/TEMAC_CORE_aead6cd6dadd.v(3865)
HDL-7201 CRITICAL-WARNING: overwrite current ** '**' in import/TEMAC_CORE_aead6cd6dadd.v(3988)
HDL-7307 CRITICAL-WARNING: previous definition of design element ** '**' is here. This is because multiple modules(values) with the same name are defined. Please consider rewriting code in ../../../../../Anlogic/HX4S20_Contest_2025_7_29/lab_ex_2025_7_12_nosoft/HXEG420_lab_ex/lab_ex_4_tf_sdram_etnernet_pc/UDP_EG4_6.2/prj/UDP_EXAMPLE/al_ip/TEMAC_CORE/RTL/TEMAC_CORE_aead6cd6dadd.v(3988)
HDL-7201 CRITICAL-WARNING: overwrite current ** '**' in import/TEMAC_CORE_aead6cd6dadd.v(4055)
HDL-7307 CRITICAL-WARNING: previous definition of design element ** '**' is here. This is because multiple modules(values) with the same name are defined. Please consider rewriting code in ../../../../../Anlogic/HX4S20_Contest_2025_7_29/lab_ex_2025_7_12_nosoft/HXEG420_lab_ex/lab_ex_4_tf_sdram_etnernet_pc/UDP_EG4_6.2/prj/UDP_EXAMPLE/al_ip/TEMAC_CORE/RTL/TEMAC_CORE_aead6cd6dadd.v(4055)
HDL-7201 CRITICAL-WARNING: overwrite current ** '**' in import/TEMAC_CORE_aead6cd6dadd.v(4147)
HDL-7307 CRITICAL-WARNING: previous definition of design element ** '**' is here. This is because multiple modules(values) with the same name are defined. Please consider rewriting code in ../../../../../Anlogic/HX4S20_Contest_2025_7_29/lab_ex_2025_7_12_nosoft/HXEG420_lab_ex/lab_ex_4_tf_sdram_etnernet_pc/UDP_EG4_6.2/prj/UDP_EXAMPLE/al_ip/TEMAC_CORE/RTL/TEMAC_CORE_aead6cd6dadd.v(4147)
HDL-7201 CRITICAL-WARNING: overwrite current ** '**' in import/TEMAC_CORE_aead6cd6dadd.v(4209)
HDL-7307 CRITICAL-WARNING: previous definition of design element ** '**' is here. This is because multiple modules(values) with the same name are defined. Please consider rewriting code in ../../../../../Anlogic/HX4S20_Contest_2025_7_29/lab_ex_2025_7_12_nosoft/HXEG420_lab_ex/lab_ex_4_tf_sdram_etnernet_pc/UDP_EG4_6.2/prj/UDP_EXAMPLE/al_ip/TEMAC_CORE/RTL/TEMAC_CORE_aead6cd6dadd.v(4209)
HDL-7201 CRITICAL-WARNING: overwrite current ** '**' in import/TEMAC_CORE_aead6cd6dadd.v(4444)
HDL-7307 CRITICAL-WARNING: previous definition of design element ** '**' is here. This is because multiple modules(values) with the same name are defined. Please consider rewriting code in ../../../../../Anlogic/HX4S20_Contest_2025_7_29/lab_ex_2025_7_12_nosoft/HXEG420_lab_ex/lab_ex_4_tf_sdram_etnernet_pc/UDP_EG4_6.2/prj/UDP_EXAMPLE/al_ip/TEMAC_CORE/RTL/TEMAC_CORE_aead6cd6dadd.v(4444)
HDL-7201 CRITICAL-WARNING: overwrite current ** '**' in import/TEMAC_CORE_aead6cd6dadd.v(4813)
HDL-7307 CRITICAL-WARNING: previous definition of design element ** '**' is here. This is because multiple modules(values) with the same name are defined. Please consider rewriting code in ../../../../../Anlogic/HX4S20_Contest_2025_7_29/lab_ex_2025_7_12_nosoft/HXEG420_lab_ex/lab_ex_4_tf_sdram_etnernet_pc/UDP_EG4_6.2/prj/UDP_EXAMPLE/al_ip/TEMAC_CORE/RTL/TEMAC_CORE_aead6cd6dadd.v(4813)
HDL-7201 CRITICAL-WARNING: overwrite current ** '**' in import/TEMAC_CORE_aead6cd6dadd.v(4868)
HDL-7307 CRITICAL-WARNING: previous definition of design element ** '**' is here. This is because multiple modules(values) with the same name are defined. Please consider rewriting code in ../../../../../Anlogic/HX4S20_Contest_2025_7_29/lab_ex_2025_7_12_nosoft/HXEG420_lab_ex/lab_ex_4_tf_sdram_etnernet_pc/UDP_EG4_6.2/prj/UDP_EXAMPLE/al_ip/TEMAC_CORE/RTL/TEMAC_CORE_aead6cd6dadd.v(4868)
HDL-1007 : undeclared symbol '**', assumed default net type '**' in import/TEMAC_CORE_aead6cd6dadd.v(5050)
HDL-1007 : undeclared symbol '**', assumed default net type '**' in import/TEMAC_CORE_aead6cd6dadd.v(5458)
HDL-7201 CRITICAL-WARNING: overwrite current ** '**' in import/TEMAC_CORE_aead6cd6dadd.v(4899)
HDL-7307 CRITICAL-WARNING: previous definition of design element ** '**' is here. This is because multiple modules(values) with the same name are defined. Please consider rewriting code in ../../../../../Anlogic/HX4S20_Contest_2025_7_29/lab_ex_2025_7_12_nosoft/HXEG420_lab_ex/lab_ex_4_tf_sdram_etnernet_pc/UDP_EG4_6.2/prj/UDP_EXAMPLE/al_ip/TEMAC_CORE/RTL/TEMAC_CORE_aead6cd6dadd.v(4899)
HDL-7201 CRITICAL-WARNING: overwrite current ** '**' in import/TEMAC_CORE_aead6cd6dadd.v(5470)
HDL-7307 CRITICAL-WARNING: previous definition of design element ** '**' is here. This is because multiple modules(values) with the same name are defined. Please consider rewriting code in ../../../../../Anlogic/HX4S20_Contest_2025_7_29/lab_ex_2025_7_12_nosoft/HXEG420_lab_ex/lab_ex_4_tf_sdram_etnernet_pc/UDP_EG4_6.2/prj/UDP_EXAMPLE/al_ip/TEMAC_CORE/RTL/TEMAC_CORE_aead6cd6dadd.v(5470)
HDL-5007 WARNING: column 1035 exceeds maximum value 1023 in import/TEMAC_CORE_aead6cd6dadd.v(6001)
HDL-7201 CRITICAL-WARNING: overwrite current ** '**' in import/TEMAC_CORE_aead6cd6dadd.v(5659)
HDL-7307 CRITICAL-WARNING: previous definition of design element ** '**' is here. This is because multiple modules(values) with the same name are defined. Please consider rewriting code in ../../../../../Anlogic/HX4S20_Contest_2025_7_29/lab_ex_2025_7_12_nosoft/HXEG420_lab_ex/lab_ex_4_tf_sdram_etnernet_pc/UDP_EG4_6.2/prj/UDP_EXAMPLE/al_ip/TEMAC_CORE/RTL/TEMAC_CORE_aead6cd6dadd.v(5659)
HDL-7201 CRITICAL-WARNING: overwrite current ** '**' in import/TEMAC_CORE_aead6cd6dadd.v(6199)
HDL-7307 CRITICAL-WARNING: previous definition of design element ** '**' is here. This is because multiple modules(values) with the same name are defined. Please consider rewriting code in ../../../../../Anlogic/HX4S20_Contest_2025_7_29/lab_ex_2025_7_12_nosoft/HXEG420_lab_ex/lab_ex_4_tf_sdram_etnernet_pc/UDP_EG4_6.2/prj/UDP_EXAMPLE/al_ip/TEMAC_CORE/RTL/TEMAC_CORE_aead6cd6dadd.v(6199)
HDL-7201 CRITICAL-WARNING: overwrite current ** '**' in import/TEMAC_CORE_aead6cd6dadd.v(6270)
HDL-7307 CRITICAL-WARNING: previous definition of design element ** '**' is here. This is because multiple modules(values) with the same name are defined. Please consider rewriting code in ../../../../../Anlogic/HX4S20_Contest_2025_7_29/lab_ex_2025_7_12_nosoft/HXEG420_lab_ex/lab_ex_4_tf_sdram_etnernet_pc/UDP_EG4_6.2/prj/UDP_EXAMPLE/al_ip/TEMAC_CORE/RTL/TEMAC_CORE_aead6cd6dadd.v(6270)
HDL-7201 CRITICAL-WARNING: overwrite current ** '**' in import/TEMAC_CORE_aead6cd6dadd.v(6495)
HDL-7307 CRITICAL-WARNING: previous definition of design element ** '**' is here. This is because multiple modules(values) with the same name are defined. Please consider rewriting code in ../../../../../Anlogic/HX4S20_Contest_2025_7_29/lab_ex_2025_7_12_nosoft/HXEG420_lab_ex/lab_ex_4_tf_sdram_etnernet_pc/UDP_EG4_6.2/prj/UDP_EXAMPLE/al_ip/TEMAC_CORE/RTL/TEMAC_CORE_aead6cd6dadd.v(6495)
HDL-7201 CRITICAL-WARNING: overwrite current ** '**' in import/TEMAC_CORE_aead6cd6dadd.v(6852)
HDL-7307 CRITICAL-WARNING: previous definition of design element ** '**' is here. This is because multiple modules(values) with the same name are defined. Please consider rewriting code in ../../../../../Anlogic/HX4S20_Contest_2025_7_29/lab_ex_2025_7_12_nosoft/HXEG420_lab_ex/lab_ex_4_tf_sdram_etnernet_pc/UDP_EG4_6.2/prj/UDP_EXAMPLE/al_ip/TEMAC_CORE/RTL/TEMAC_CORE_aead6cd6dadd.v(6852)
HDL-7201 CRITICAL-WARNING: overwrite current ** '**' in import/TEMAC_CORE_aead6cd6dadd.v(6947)
HDL-7307 CRITICAL-WARNING: previous definition of design element ** '**' is here. This is because multiple modules(values) with the same name are defined. Please consider rewriting code in ../../../../../Anlogic/HX4S20_Contest_2025_7_29/lab_ex_2025_7_12_nosoft/HXEG420_lab_ex/lab_ex_4_tf_sdram_etnernet_pc/UDP_EG4_6.2/prj/UDP_EXAMPLE/al_ip/TEMAC_CORE/RTL/TEMAC_CORE_aead6cd6dadd.v(6947)
HDL-7201 CRITICAL-WARNING: overwrite current ** '**' in import/TEMAC_CORE_aead6cd6dadd.v(7513)
HDL-7307 CRITICAL-WARNING: previous definition of design element ** '**' is here. This is because multiple modules(values) with the same name are defined. Please consider rewriting code in ../../../../../Anlogic/HX4S20_Contest_2025_7_29/lab_ex_2025_7_12_nosoft/HXEG420_lab_ex/lab_ex_4_tf_sdram_etnernet_pc/UDP_EG4_6.2/prj/UDP_EXAMPLE/al_ip/TEMAC_CORE/RTL/TEMAC_CORE_aead6cd6dadd.v(7513)
HDL-7201 CRITICAL-WARNING: overwrite current ** '**' in import/TEMAC_CORE_aead6cd6dadd.v(7839)
HDL-7307 CRITICAL-WARNING: previous definition of design element ** '**' is here. This is because multiple modules(values) with the same name are defined. Please consider rewriting code in ../../../../../Anlogic/HX4S20_Contest_2025_7_29/lab_ex_2025_7_12_nosoft/HXEG420_lab_ex/lab_ex_4_tf_sdram_etnernet_pc/UDP_EG4_6.2/prj/UDP_EXAMPLE/al_ip/TEMAC_CORE/RTL/TEMAC_CORE_aead6cd6dadd.v(7839)
HDL-7201 CRITICAL-WARNING: overwrite current ** '**' in import/TEMAC_CORE_aead6cd6dadd.v(8272)
HDL-7307 CRITICAL-WARNING: previous definition of design element ** '**' is here. This is because multiple modules(values) with the same name are defined. Please consider rewriting code in ../../../../../Anlogic/HX4S20_Contest_2025_7_29/lab_ex_2025_7_12_nosoft/HXEG420_lab_ex/lab_ex_4_tf_sdram_etnernet_pc/UDP_EG4_6.2/prj/UDP_EXAMPLE/al_ip/TEMAC_CORE/RTL/TEMAC_CORE_aead6cd6dadd.v(8272)
HDL-7201 CRITICAL-WARNING: overwrite current ** '**' in import/TEMAC_CORE_aead6cd6dadd.v(8504)
HDL-7307 CRITICAL-WARNING: previous definition of design element ** '**' is here. This is because multiple modules(values) with the same name are defined. Please consider rewriting code in ../../../../../Anlogic/HX4S20_Contest_2025_7_29/lab_ex_2025_7_12_nosoft/HXEG420_lab_ex/lab_ex_4_tf_sdram_etnernet_pc/UDP_EG4_6.2/prj/UDP_EXAMPLE/al_ip/TEMAC_CORE/RTL/TEMAC_CORE_aead6cd6dadd.v(8504)
HDL-7201 CRITICAL-WARNING: overwrite current ** '**' in import/TEMAC_CORE_aead6cd6dadd.v(8830)
HDL-7307 CRITICAL-WARNING: previous definition of design element ** '**' is here. This is because multiple modules(values) with the same name are defined. Please consider rewriting code in ../../../../../Anlogic/HX4S20_Contest_2025_7_29/lab_ex_2025_7_12_nosoft/HXEG420_lab_ex/lab_ex_4_tf_sdram_etnernet_pc/UDP_EG4_6.2/prj/UDP_EXAMPLE/al_ip/TEMAC_CORE/RTL/TEMAC_CORE_aead6cd6dadd.v(8830)
HDL-7201 CRITICAL-WARNING: overwrite current ** '**' in import/TEMAC_CORE_aead6cd6dadd.v(8904)
HDL-7307 CRITICAL-WARNING: previous definition of design element ** '**' is here. This is because multiple modules(values) with the same name are defined. Please consider rewriting code in ../../../../../Anlogic/HX4S20_Contest_2025_7_29/lab_ex_2025_7_12_nosoft/HXEG420_lab_ex/lab_ex_4_tf_sdram_etnernet_pc/UDP_EG4_6.2/prj/UDP_EXAMPLE/al_ip/TEMAC_CORE/RTL/TEMAC_CORE_aead6cd6dadd.v(8904)
HDL-7201 CRITICAL-WARNING: overwrite current ** '**' in import/TEMAC_CORE_aead6cd6dadd.v(8971)
HDL-7307 CRITICAL-WARNING: previous definition of design element ** '**' is here. This is because multiple modules(values) with the same name are defined. Please consider rewriting code in ../../../../../Anlogic/HX4S20_Contest_2025_7_29/lab_ex_2025_7_12_nosoft/HXEG420_lab_ex/lab_ex_4_tf_sdram_etnernet_pc/UDP_EG4_6.2/prj/UDP_EXAMPLE/al_ip/TEMAC_CORE/RTL/TEMAC_CORE_aead6cd6dadd.v(8971)
HDL-7201 CRITICAL-WARNING: overwrite current ** '**' in import/TEMAC_CORE_aead6cd6dadd.v(9050)
HDL-7307 CRITICAL-WARNING: previous definition of design element ** '**' is here. This is because multiple modules(values) with the same name are defined. Please consider rewriting code in ../../../../../Anlogic/HX4S20_Contest_2025_7_29/lab_ex_2025_7_12_nosoft/HXEG420_lab_ex/lab_ex_4_tf_sdram_etnernet_pc/UDP_EG4_6.2/prj/UDP_EXAMPLE/al_ip/TEMAC_CORE/RTL/TEMAC_CORE_aead6cd6dadd.v(9050)
HDL-7201 CRITICAL-WARNING: overwrite current ** '**' in import/TEMAC_CORE_aead6cd6dadd.v(9306)
HDL-7307 CRITICAL-WARNING: previous definition of design element ** '**' is here. This is because multiple modules(values) with the same name are defined. Please consider rewriting code in ../../../../../Anlogic/HX4S20_Contest_2025_7_29/lab_ex_2025_7_12_nosoft/HXEG420_lab_ex/lab_ex_4_tf_sdram_etnernet_pc/UDP_EG4_6.2/prj/UDP_EXAMPLE/al_ip/TEMAC_CORE/RTL/TEMAC_CORE_aead6cd6dadd.v(9306)
HDL-1007 : back to file 'import/TEMAC_CORE_aead6cd6dadd.v' in import/TEMAC_CORE_aead6cd6dadd.v(260)
HDL-1007 : analyze verilog file import/TEMAC_CORE.v
HDL-7201 CRITICAL-WARNING: overwrite current module 'TEMAC_CORE' in import/TEMAC_CORE.v(9)
HDL-7307 CRITICAL-WARNING: previous definition of design element module 'TEMAC_CORE' is here. This is because multiple modules(values) with the same name are defined. Please consider rewriting code in ../../../../../Anlogic/HX4S20_Contest_2025_7_29/lab_ex_2025_7_12_nosoft/HXEG420_lab_ex/lab_ex_4_tf_sdram_etnernet_pc/UDP_EG4_6.2/prj/UDP_EXAMPLE/al_ip/TEMAC_CORE/TEMAC_CORE.v(9)
HDL-1007 : analyze verilog file import/pll_gen.v
HDL-1007 : undeclared symbol 'pll_gen_open0', assumed default net type 'wire' in import/pll_gen.v(99)
HDL-1007 : undeclared symbol 'pll_gen_open8', assumed default net type 'wire' in import/pll_gen.v(105)
HDL-1007 : undeclared symbol 'pll_gen_open7', assumed default net type 'wire' in import/pll_gen.v(105)
HDL-1007 : undeclared symbol 'pll_gen_open6', assumed default net type 'wire' in import/pll_gen.v(105)
HDL-1007 : undeclared symbol 'pll_gen_open5', assumed default net type 'wire' in import/pll_gen.v(105)
HDL-1007 : undeclared symbol 'pll_gen_open4', assumed default net type 'wire' in import/pll_gen.v(105)
HDL-1007 : undeclared symbol 'pll_gen_open3', assumed default net type 'wire' in import/pll_gen.v(105)
HDL-1007 : undeclared symbol 'pll_gen_open2', assumed default net type 'wire' in import/pll_gen.v(105)
HDL-1007 : undeclared symbol 'pll_gen_open1', assumed default net type 'wire' in import/pll_gen.v(105)
HDL-7201 CRITICAL-WARNING: overwrite current module 'pll_gen' in import/pll_gen.v(26)
HDL-7307 CRITICAL-WARNING: previous definition of design element module 'pll_gen' is here. This is because multiple modules(values) with the same name are defined. Please consider rewriting code in ../../../../../Anlogic/HX4S20_Contest_2025_7_29/lab_ex_2025_7_12_nosoft/HXEG420_lab_ex/lab_ex_4_tf_sdram_etnernet_pc/UDP_EG4_6.2/prj/UDP_EXAMPLE/al_ip/pll_gen.v(26)
HDL-1007 : analyze verilog file import/rx_pll.v
HDL-1007 : undeclared symbol 'open', assumed default net type 'wire' in import/rx_pll.v(78)
HDL-7201 CRITICAL-WARNING: overwrite current module 'rx_pll' in import/rx_pll.v(24)
HDL-7307 CRITICAL-WARNING: previous definition of design element module 'rx_pll' is here. This is because multiple modules(values) with the same name are defined. Please consider rewriting code in ../../../../../Anlogic/HX4S20_Contest_2025_7_29/lab_ex_2025_7_12_nosoft/HXEG420_lab_ex/lab_ex_4_tf_sdram_etnernet_pc/UDP_EG4_6.2/prj/UDP_EXAMPLE/al_ip/rx_pll.v(24)
HDL-1007 : analyze verilog file import/afifo_16_32_256.v
HDL-7201 CRITICAL-WARNING: overwrite current module 'wfifo_32_32_512' in import/afifo_16_32_256.v(13)
HDL-7307 CRITICAL-WARNING: previous definition of design element module 'wfifo_32_32_512' is here. This is because multiple modules(values) with the same name are defined. Please consider rewriting code in ../../../../../Anlogic/HX4S20_Contest_2025_7_29/lab_ex_2025_7_12_nosoft/HXEG420_lab_ex/lab_ex_5_HX4S20_OV5640/al_ip/afifo_16_32_256.v(13)
HDL-7201 CRITICAL-WARNING: overwrite current module 'fifo_cross_domain_addr_process_al_wfifo_32_32_512' in import/afifo_16_32_256.v(250)
HDL-7307 CRITICAL-WARNING: previous definition of design element module 'fifo_cross_domain_addr_process_al_wfifo_32_32_512' is here. This is because multiple modules(values) with the same name are defined. Please consider rewriting code in ../../../../../Anlogic/HX4S20_Contest_2025_7_29/lab_ex_2025_7_12_nosoft/HXEG420_lab_ex/lab_ex_5_HX4S20_OV5640/al_ip/afifo_16_32_256.v(250)
HDL-7201 CRITICAL-WARNING: overwrite current module 'ram_infer_wfifo_32_32_512' in import/afifo_16_32_256.v(333)
HDL-7307 CRITICAL-WARNING: previous definition of design element module 'ram_infer_wfifo_32_32_512' is here. This is because multiple modules(values) with the same name are defined. Please consider rewriting code in ../../../../../Anlogic/HX4S20_Contest_2025_7_29/lab_ex_2025_7_12_nosoft/HXEG420_lab_ex/lab_ex_5_HX4S20_OV5640/al_ip/afifo_16_32_256.v(333)
HDL-1007 : analyze verilog file import/afifo_32_16_256.v
HDL-7201 CRITICAL-WARNING: overwrite current module 'rfifo_32_32_512' in import/afifo_32_16_256.v(13)
HDL-7307 CRITICAL-WARNING: previous definition of design element module 'rfifo_32_32_512' is here. This is because multiple modules(values) with the same name are defined. Please consider rewriting code in ../../../../../Anlogic/HX4S20_Contest_2025_7_29/lab_ex_2025_7_12_nosoft/HXEG420_lab_ex/lab_ex_5_HX4S20_OV5640/al_ip/afifo_32_16_256.v(13)
HDL-7201 CRITICAL-WARNING: overwrite current module 'fifo_cross_domain_addr_process_al_rfifo_32_32_512' in import/afifo_32_16_256.v(250)
HDL-7307 CRITICAL-WARNING: previous definition of design element module 'fifo_cross_domain_addr_process_al_rfifo_32_32_512' is here. This is because multiple modules(values) with the same name are defined. Please consider rewriting code in ../../../../../Anlogic/HX4S20_Contest_2025_7_29/lab_ex_2025_7_12_nosoft/HXEG420_lab_ex/lab_ex_5_HX4S20_OV5640/al_ip/afifo_32_16_256.v(250)
HDL-7201 CRITICAL-WARNING: overwrite current module 'ram_infer_rfifo_32_32_512' in import/afifo_32_16_256.v(333)
HDL-7307 CRITICAL-WARNING: previous definition of design element module 'ram_infer_rfifo_32_32_512' is here. This is because multiple modules(values) with the same name are defined. Please consider rewriting code in ../../../../../Anlogic/HX4S20_Contest_2025_7_29/lab_ex_2025_7_12_nosoft/HXEG420_lab_ex/lab_ex_5_HX4S20_OV5640/al_ip/afifo_32_16_256.v(333)
HDL-1007 : analyze verilog file import/video_pll.v
HDL-1007 : undeclared symbol 'open', assumed default net type 'wire' in import/video_pll.v(70)
HDL-7201 CRITICAL-WARNING: overwrite current module 'video_pll' in import/video_pll.v(23)
HDL-7307 CRITICAL-WARNING: previous definition of design element module 'video_pll' is here. This is because multiple modules(values) with the same name are defined. Please consider rewriting code in ../../../../../Anlogic/HX4S20_Contest_2025_7_29/lab_ex_2025_7_12_nosoft/HXEG420_lab_ex/lab_ex_5_HX4S20_OV5640/al_ip/video_pll.v(23)
HDL-1007 : analyze verilog file import/sys_pll.v
HDL-1007 : undeclared symbol 'open', assumed default net type 'wire' in import/sys_pll.v(77)
HDL-7201 CRITICAL-WARNING: overwrite current module 'sys_pll' in import/sys_pll.v(24)
HDL-7307 CRITICAL-WARNING: previous definition of design element module 'sys_pll' is here. This is because multiple modules(values) with the same name are defined. Please consider rewriting code in ../../../../../Anlogic/HX4S20_Contest_2025_7_29/lab_ex_2025_7_12_nosoft/HXEG420_lab_ex/lab_ex_6_tf_sdram_hdmi/al_ip/sys_pll.v(24)
HDL-1007 : analyze verilog file import/sd_card_bmp.v
HDL-1007 : analyze verilog file import/seg_decoder.v
HDL-1007 : analyze verilog file import/seg_scan.v
HDL-1007 : analyze verilog file import/ax_debounce.v
HDL-1007 : analyze verilog file import/bmp_read.v
HDL-1007 : analyze verilog file import/top_integrated.v
PRJ-1412 : reset_run syn_1 phy_1.
PRJ-1409 : launch_runs syn_1 phy_1  -jobs 6.
PRJ-1410 : Run syn_1 success.
PRJ-1410 : Run phy_1 success.
RUN-1002 : start command "save_best_bits"
PRJ-1424 : The implemented result of phy_1 is saved as best result.
RUN-1002 : start command "import_db C:/Users/xvhao/Desktop/prj/q3v3 _source/q4_Runs/phy_1/q4_pr.db"
RUN-1001 : Importing database generated by Tang Dynasty, V6.2.168116.
RUN-1001 : Database version number 46207
RUN-1001 : Import flow parameters
RUN-1001 : Import netlist
PHY-1001 : Generate detailed routing grids ...
PHY-1001 : End build routing graph; 1.798816s wall, 1.390625s user + 0.390625s system = 1.781250s CPU (99.0%)

PHY-1001 : Build lut bridge;  0.186828s wall, 0.187500s user + 0.015625s system = 0.203125s CPU (108.7%)

PHY-1001 : Generate nets ...
PHY-1001 : net clk_dup_1 will be routed on clock mesh
PHY-1001 : net phy1_rgmii_rx_clk_dup_1 will be routed on clock mesh
PHY-1001 : net U3/u2_ram/SDRAM_CLK will be routed on clock mesh
PHY-1001 : clock net u_ov5640_dri/u_i2c_dr/dri_clk_syn_4 will be merged with clock u_ov5640_dri/u_i2c_dr/dri_clk
PHY-1001 : clock net frame_read_write_m0/write_clk_syn_4 will be merged with clock frame_read_write_m0/write_clk
PHY-1001 : clock net cam_pclk_syn_4 will be merged with clock cam_pclk_dup_1
PHY-1001 : net frame_read_write_m0/read_buf/clkw will be routed on clock mesh
PHY-1001 : clock net sd_card_bmp_m0/bmp_read_m0/clk will be merged with clock sys_pll_m0/clk0_buf
PHY-1001 : clock net u_rx_pll/clk0_out will be merged with clock u_rx_pll/clk0_buf
PHY-1001 : clock net u_clk_gen/u_pll_0/clk0_out will be merged with clock u_clk_gen/u_pll_0/clk0_buf
PHY-1001 : net u4_trimac_block/u1_rgmii_interface/rgmii_txc_ddr/clk will be routed on clock mesh
PHY-1001 : net u4_trimac_block/gtx_clk will be routed on clock mesh
PHY-1001 : clock net u4_trimac_block/rx_clk will be merged with clock u4_trimac_block/u1_rgmii_interface/rgmii_rxc
PHY-1001 : eco open net = 0
PHY-1001 : 196 feed throughs used by 147 nets
RUN-1001 : Import phy database
RUN-1001 : Import timing constraints
RUN-1001 : Import IO constraints
RUN-1001 : Import Inst constraints
RUN-1001 : Import ChipWatcher
RUN-1001 : Import design success TD_VERSION=6.2.168116 , DB_VERSION=46207
RUN-1003 : finish command "import_db C:/Users/xvhao/Desktop/prj/q3v3 _source/q4_Runs/phy_1/q4_pr.db" in  9.604853s wall, 7.468750s user + 2.203125s system = 9.671875s CPU (100.7%)

RUN-1004 : used memory is 673 MB, reserved memory is 706 MB, peak memory is 811 MB
RUN-1002 : start command "commit_param -step design"
RUN-1001 : Print Global Property
RUN-1001 : --------------------------------------------------------
RUN-1001 :   Parameters   |  Settings  |  Default Values  |  Note  
RUN-1001 : --------------------------------------------------------
RUN-1001 :   enable_seed  |    off     |       off        |        
RUN-1001 :     message    |  standard  |     standard     |        
RUN-1001 :   qor_monitor  |     on     |        on        |        
RUN-1001 :   syn_ip_flow  |    off     |       off        |        
RUN-1001 :     thread     |    auto    |       auto       |        
RUN-1001 : --------------------------------------------------------
RUN-1001 : Print Design Property
RUN-1001 : ----------------------------------------------------------------
RUN-1001 :       Parameters       |  Settings  |  Default Values  |  Note  
RUN-1001 : ----------------------------------------------------------------
RUN-1001 :   default_reg_initial  |    auto    |       auto       |        
RUN-1001 :    hdl_warning_level   |   normal   |      normal      |        
RUN-1001 : ----------------------------------------------------------------
HDL-1007 : analyze verilog file src/video_define.v
HDL-1007 : analyze verilog file src/sdram_r/sdram_para.v
HDL-1007 : analyze verilog file src/sdram/enc_file/global_def.v
HDL-1007 : analyze verilog file ../../../../../Anlogic/HX4S20_Contest_2025_7_29/lab_ex_2025_7_12_nosoft/HXEG420_lab_ex/lab_ex_4_tf_sdram_etnernet_pc/UDP_EG4_6.2/prj/UDP_EXAMPLE/al_ip/TEMAC_CORE/RTL/mac_core_aead6cd6dadd.v
HDL-1007 : analyze verilog file ../../../../../Anlogic/HX4S20_Contest_2025_7_29/lab_ex_2025_7_12_nosoft/HXEG420_lab_ex/lab_ex_4_tf_sdram_etnernet_pc/UDP_EG4_6.2/prj/UDP_EXAMPLE/al_ip/TEMAC_CORE/RTL/TEMAC_CORE_aead6cd6dadd.v
HDL-5007 WARNING: column 1032 exceeds maximum value 1023 in ../../../../../Anlogic/HX4S20_Contest_2025_7_29/lab_ex_2025_7_12_nosoft/HXEG420_lab_ex/lab_ex_4_tf_sdram_etnernet_pc/UDP_EG4_6.2/prj/UDP_EXAMPLE/al_ip/TEMAC_CORE/RTL/TEMAC_CORE_aead6cd6dadd.v(30)
HDL-1007 : back to file '../../../../../Anlogic/HX4S20_Contest_2025_7_29/lab_ex_2025_7_12_nosoft/HXEG420_lab_ex/lab_ex_4_tf_sdram_etnernet_pc/UDP_EG4_6.2/prj/UDP_EXAMPLE/al_ip/TEMAC_CORE/RTL/TEMAC_CORE_aead6cd6dadd.v' in ../../../../../Anlogic/HX4S20_Contest_2025_7_29/lab_ex_2025_7_12_nosoft/HXEG420_lab_ex/lab_ex_4_tf_sdram_etnernet_pc/UDP_EG4_6.2/prj/UDP_EXAMPLE/al_ip/TEMAC_CORE/RTL/TEMAC_CORE_aead6cd6dadd.v(86)
HDL-5007 WARNING: event expressions must result in a singular type in ../../../../../Anlogic/HX4S20_Contest_2025_7_29/lab_ex_2025_7_12_nosoft/HXEG420_lab_ex/lab_ex_4_tf_sdram_etnernet_pc/UDP_EG4_6.2/prj/UDP_EXAMPLE/al_ip/TEMAC_CORE/RTL/TEMAC_CORE_aead6cd6dadd.v(3001)
HDL-1007 : undeclared symbol '**', assumed default net type '**' in ../../../../../Anlogic/HX4S20_Contest_2025_7_29/lab_ex_2025_7_12_nosoft/HXEG420_lab_ex/lab_ex_4_tf_sdram_etnernet_pc/UDP_EG4_6.2/prj/UDP_EXAMPLE/al_ip/TEMAC_CORE/RTL/TEMAC_CORE_aead6cd6dadd.v(5050)
HDL-1007 : undeclared symbol '**', assumed default net type '**' in ../../../../../Anlogic/HX4S20_Contest_2025_7_29/lab_ex_2025_7_12_nosoft/HXEG420_lab_ex/lab_ex_4_tf_sdram_etnernet_pc/UDP_EG4_6.2/prj/UDP_EXAMPLE/al_ip/TEMAC_CORE/RTL/TEMAC_CORE_aead6cd6dadd.v(5458)
HDL-5007 WARNING: column 1035 exceeds maximum value 1023 in ../../../../../Anlogic/HX4S20_Contest_2025_7_29/lab_ex_2025_7_12_nosoft/HXEG420_lab_ex/lab_ex_4_tf_sdram_etnernet_pc/UDP_EG4_6.2/prj/UDP_EXAMPLE/al_ip/TEMAC_CORE/RTL/TEMAC_CORE_aead6cd6dadd.v(6001)
HDL-1007 : back to file '../../../../../Anlogic/HX4S20_Contest_2025_7_29/lab_ex_2025_7_12_nosoft/HXEG420_lab_ex/lab_ex_4_tf_sdram_etnernet_pc/UDP_EG4_6.2/prj/UDP_EXAMPLE/al_ip/TEMAC_CORE/RTL/TEMAC_CORE_aead6cd6dadd.v' in ../../../../../Anlogic/HX4S20_Contest_2025_7_29/lab_ex_2025_7_12_nosoft/HXEG420_lab_ex/lab_ex_4_tf_sdram_etnernet_pc/UDP_EG4_6.2/prj/UDP_EXAMPLE/al_ip/TEMAC_CORE/RTL/TEMAC_CORE_aead6cd6dadd.v(260)
HDL-1007 : analyze verilog file ../../../../../Anlogic/HX4S20_Contest_2025_7_29/lab_ex_2025_7_12_nosoft/HXEG420_lab_ex/lab_ex_4_tf_sdram_etnernet_pc/UDP_EG4_6.2/prj/UDP_EXAMPLE/al_ip/TEMAC_CORE/TEMAC_CORE.v
HDL-1007 : analyze verilog file ../../../../../Anlogic/HX4S20_Contest_2025_7_29/lab_ex_2025_7_12_nosoft/HXEG420_lab_ex/lab_ex_4_tf_sdram_etnernet_pc/UDP_EG4_6.2/prj/UDP_EXAMPLE/al_ip/pll_gen.v
HDL-1007 : undeclared symbol 'pll_gen_open0', assumed default net type 'wire' in ../../../../../Anlogic/HX4S20_Contest_2025_7_29/lab_ex_2025_7_12_nosoft/HXEG420_lab_ex/lab_ex_4_tf_sdram_etnernet_pc/UDP_EG4_6.2/prj/UDP_EXAMPLE/al_ip/pll_gen.v(99)
HDL-1007 : undeclared symbol 'pll_gen_open8', assumed default net type 'wire' in ../../../../../Anlogic/HX4S20_Contest_2025_7_29/lab_ex_2025_7_12_nosoft/HXEG420_lab_ex/lab_ex_4_tf_sdram_etnernet_pc/UDP_EG4_6.2/prj/UDP_EXAMPLE/al_ip/pll_gen.v(105)
HDL-1007 : undeclared symbol 'pll_gen_open7', assumed default net type 'wire' in ../../../../../Anlogic/HX4S20_Contest_2025_7_29/lab_ex_2025_7_12_nosoft/HXEG420_lab_ex/lab_ex_4_tf_sdram_etnernet_pc/UDP_EG4_6.2/prj/UDP_EXAMPLE/al_ip/pll_gen.v(105)
HDL-1007 : undeclared symbol 'pll_gen_open6', assumed default net type 'wire' in ../../../../../Anlogic/HX4S20_Contest_2025_7_29/lab_ex_2025_7_12_nosoft/HXEG420_lab_ex/lab_ex_4_tf_sdram_etnernet_pc/UDP_EG4_6.2/prj/UDP_EXAMPLE/al_ip/pll_gen.v(105)
HDL-1007 : undeclared symbol 'pll_gen_open5', assumed default net type 'wire' in ../../../../../Anlogic/HX4S20_Contest_2025_7_29/lab_ex_2025_7_12_nosoft/HXEG420_lab_ex/lab_ex_4_tf_sdram_etnernet_pc/UDP_EG4_6.2/prj/UDP_EXAMPLE/al_ip/pll_gen.v(105)
HDL-1007 : undeclared symbol 'pll_gen_open4', assumed default net type 'wire' in ../../../../../Anlogic/HX4S20_Contest_2025_7_29/lab_ex_2025_7_12_nosoft/HXEG420_lab_ex/lab_ex_4_tf_sdram_etnernet_pc/UDP_EG4_6.2/prj/UDP_EXAMPLE/al_ip/pll_gen.v(105)
HDL-1007 : undeclared symbol 'pll_gen_open3', assumed default net type 'wire' in ../../../../../Anlogic/HX4S20_Contest_2025_7_29/lab_ex_2025_7_12_nosoft/HXEG420_lab_ex/lab_ex_4_tf_sdram_etnernet_pc/UDP_EG4_6.2/prj/UDP_EXAMPLE/al_ip/pll_gen.v(105)
HDL-1007 : undeclared symbol 'pll_gen_open2', assumed default net type 'wire' in ../../../../../Anlogic/HX4S20_Contest_2025_7_29/lab_ex_2025_7_12_nosoft/HXEG420_lab_ex/lab_ex_4_tf_sdram_etnernet_pc/UDP_EG4_6.2/prj/UDP_EXAMPLE/al_ip/pll_gen.v(105)
HDL-1007 : undeclared symbol 'pll_gen_open1', assumed default net type 'wire' in ../../../../../Anlogic/HX4S20_Contest_2025_7_29/lab_ex_2025_7_12_nosoft/HXEG420_lab_ex/lab_ex_4_tf_sdram_etnernet_pc/UDP_EG4_6.2/prj/UDP_EXAMPLE/al_ip/pll_gen.v(105)
HDL-1007 : analyze verilog file ../../../../../Anlogic/HX4S20_Contest_2025_7_29/lab_ex_2025_7_12_nosoft/HXEG420_lab_ex/lab_ex_4_tf_sdram_etnernet_pc/UDP_EG4_6.2/prj/UDP_EXAMPLE/al_ip/rx_pll.v
HDL-1007 : undeclared symbol 'open', assumed default net type 'wire' in ../../../../../Anlogic/HX4S20_Contest_2025_7_29/lab_ex_2025_7_12_nosoft/HXEG420_lab_ex/lab_ex_4_tf_sdram_etnernet_pc/UDP_EG4_6.2/prj/UDP_EXAMPLE/al_ip/rx_pll.v(78)
HDL-1007 : analyze verilog file ../../../../../Anlogic/HX4S20_Contest_2025_7_29/lab_ex_2025_7_12_nosoft/HXEG420_lab_ex/lab_ex_5_HX4S20_OV5640/al_ip/afifo_16_32_256.v
HDL-1007 : analyze verilog file ../../../../../Anlogic/HX4S20_Contest_2025_7_29/lab_ex_2025_7_12_nosoft/HXEG420_lab_ex/lab_ex_5_HX4S20_OV5640/al_ip/afifo_32_16_256.v
HDL-1007 : analyze verilog file ../../../../../Anlogic/HX4S20_Contest_2025_7_29/lab_ex_2025_7_12_nosoft/HXEG420_lab_ex/lab_ex_5_HX4S20_OV5640/al_ip/video_pll.v
HDL-1007 : undeclared symbol 'open', assumed default net type 'wire' in ../../../../../Anlogic/HX4S20_Contest_2025_7_29/lab_ex_2025_7_12_nosoft/HXEG420_lab_ex/lab_ex_5_HX4S20_OV5640/al_ip/video_pll.v(70)
HDL-1007 : analyze verilog file ../../../../../Anlogic/HX4S20_Contest_2025_7_29/lab_ex_2025_7_12_nosoft/HXEG420_lab_ex/lab_ex_6_tf_sdram_hdmi/al_ip/sys_pll.v
HDL-1007 : undeclared symbol 'open', assumed default net type 'wire' in ../../../../../Anlogic/HX4S20_Contest_2025_7_29/lab_ex_2025_7_12_nosoft/HXEG420_lab_ex/lab_ex_6_tf_sdram_hdmi/al_ip/sys_pll.v(77)
HDL-1007 : analyze verilog file src/color_bar.v
HDL-1007 : analyze included file src/video_define.v in src/color_bar.v(2)
HDL-1007 : back to file 'src/color_bar.v' in src/color_bar.v(2)
HDL-1007 : analyze verilog file src/frame_fifo_read.v
HDL-1007 : analyze verilog file src/frame_fifo_write.v
HDL-1007 : analyze verilog file src/top.v
HDL-1007 : analyze verilog file src/video_timing_data.v
HDL-1007 : analyze verilog file src/sdram/enc_file/sdr_as_ram.enc.v
HDL-1007 : back to file 'src/sdram/enc_file/sdr_as_ram.enc.v' in src/sdram/enc_file/sdr_as_ram.enc.v(45)
HDL-1007 : analyze verilog file src/sdram/enc_file/sdr_wrrd.enc.v
HDL-5007 WARNING: concatenation with an unsized literal will be treated as 32 bits in src/sdram/enc_file/sdr_wrrd.enc.v(283)
HDL-1007 : back to file 'src/sdram/enc_file/sdr_wrrd.enc.v' in src/sdram/enc_file/sdr_wrrd.enc.v(19)
HDL-1007 : analyze verilog file src/sdram/sdram.v
HDL-1007 : analyze included file ./src/sdram/enc_file/global_def.v in src/sdram/sdram.v(10)
HDL-1007 : back to file 'src/sdram/sdram.v' in src/sdram/sdram.v(10)
HDL-1007 : undeclared symbol 'SDR_CKE', assumed default net type 'wire' in src/sdram/sdram.v(89)
HDL-1007 : analyze verilog file src/frame_read_write.v
HDL-1007 : analyze verilog file src/video_delay.v
HDL-1007 : analyze VHDL file src/hdmi/enc_file/DVITransmitter.enc.vhd
HDL-1007 : analyze entity dvitransmitter in src/hdmi/enc_file/DVITransmitter.enc.vhd(13)
HDL-1007 : analyze architecture ** in src/hdmi/enc_file/DVITransmitter.enc.vhd(2)
HDL-1007 : analyze VHDL file src/hdmi/enc_file/SerializerN_1_lvds.enc.vhd
HDL-1007 : analyze entity ** in src/hdmi/enc_file/SerializerN_1_lvds.enc.vhd(12)
HDL-1007 : analyze architecture ** in src/hdmi/enc_file/SerializerN_1_lvds.enc.vhd(25)
HDL-1007 : analyze VHDL file src/hdmi/enc_file/SerializerN_1_lvds_dat.enc.vhd
HDL-1007 : analyze entity ** in src/hdmi/enc_file/SerializerN_1_lvds_dat.enc.vhd(14)
HDL-1007 : analyze architecture ** in src/hdmi/enc_file/SerializerN_1_lvds_dat.enc.vhd(28)
HDL-1007 : analyze VHDL file src/hdmi/enc_file/TMDSEncoder.enc.vhd
HDL-1007 : analyze entity ** in src/hdmi/enc_file/TMDSEncoder.enc.vhd(13)
HDL-1007 : analyze architecture ** in src/hdmi/enc_file/TMDSEncoder.enc.vhd(24)
HDL-1007 : analyze verilog file src/hdmi/enc_file/video_tpg_1024768.enc.v
HDL-5007 WARNING: literal value ** truncated to fit in ** bits in src/hdmi/enc_file/video_tpg_1024768.enc.v(231)
HDL-1007 : back to file 'src/hdmi/enc_file/video_tpg_1024768.enc.v' in src/hdmi/enc_file/video_tpg_1024768.enc.v(1)
HDL-1007 : analyze verilog file src/hdmi/enc_file/video_tpg_1080p.enc.v
HDL-1007 : back to file 'src/hdmi/enc_file/video_tpg_1080p.enc.v' in src/hdmi/enc_file/video_tpg_1080p.enc.v(1)
HDL-1007 : analyze verilog file src/hdmi/enc_file/video_tpg_12801024p.enc.v
HDL-1007 : back to file 'src/hdmi/enc_file/video_tpg_12801024p.enc.v' in src/hdmi/enc_file/video_tpg_12801024p.enc.v(1)
HDL-1007 : analyze verilog file src/hdmi/enc_file/video_tpg_1280800.enc.v
HDL-5007 WARNING: literal value ** truncated to fit in ** bits in src/hdmi/enc_file/video_tpg_1280800.enc.v(233)
HDL-1007 : back to file 'src/hdmi/enc_file/video_tpg_1280800.enc.v' in src/hdmi/enc_file/video_tpg_1280800.enc.v(1)
HDL-1007 : analyze verilog file src/hdmi/enc_file/video_tpg_16801050p.enc.v
HDL-1007 : back to file 'src/hdmi/enc_file/video_tpg_16801050p.enc.v' in src/hdmi/enc_file/video_tpg_16801050p.enc.v(1)
HDL-1007 : analyze verilog file src/hdmi/enc_file/video_tpg_800600.enc.v
HDL-1007 : back to file 'src/hdmi/enc_file/video_tpg_800600.enc.v' in src/hdmi/enc_file/video_tpg_800600.enc.v(1)
HDL-1007 : analyze VHDL file src/hdmi/hdmi_tx.vhd
HDL-1007 : analyze entity hdmi_tx in src/hdmi/hdmi_tx.vhd(11)
HDL-1007 : analyze architecture behavioral in src/hdmi/hdmi_tx.vhd(33)
HDL-1007 : analyze verilog file src/sdram/enc_file/sdr_init_ref.enc.v
HDL-1007 : analyze included file ./src/sdram/enc_file/global_def.v in src/sdram/enc_file/sdr_init_ref.enc.v(11)
HDL-1007 : back to file 'src/sdram/enc_file/sdr_init_ref.enc.v' in src/sdram/enc_file/sdr_init_ref.enc.v(11)
HDL-1007 : undeclared symbol '**', assumed default net type '**' in src/sdram/enc_file/sdr_init_ref.enc.v(57)
HDL-1007 : back to file 'src/sdram/enc_file/sdr_init_ref.enc.v' in src/sdram/enc_file/sdr_init_ref.enc.v(149)
HDL-5007 WARNING: concatenation with an unsized literal will be treated as 32 bits in src/sdram/enc_file/sdr_init_ref.enc.v(47)
HDL-1007 : analyze verilog file src/ov5640/cmos_capture_data.v
HDL-1007 : analyze verilog file src/ov5640/i2c_dri.v
HDL-1007 : analyze verilog file src/ov5640/i2c_ov5640_rgb565_cfg.v
HDL-1007 : analyze verilog file src/ov5640/ov5640_dri.v
HDL-1007 : analyze verilog file src/ov5640/ov5640_delay.v
HDL-1007 : analyze verilog file import/udp_cam_ctrl.v
HDL-1007 : analyze verilog file import/clk_gen_rst_gen.v
HDL-1007 : analyze verilog file import/div_clk_gen.v
HDL-1007 : analyze verilog file import/IDDR.v
HDL-1007 : analyze verilog file import/ODDR.v
HDL-1007 : analyze verilog file import/RAMB16_S9_S9.v
HDL-1007 : undeclared symbol 'open', assumed default net type 'wire' in import/RAMB16_S9_S9.v(109)
HDL-1007 : analyze verilog file import/rgmii_interface.v
HDL-1007 : analyze verilog file import/rx_client_fifo.v
HDL-5370 WARNING: parameter 'WAIT_s' becomes localparam in 'rx_client_fifo' with formal parameter declaration list in import/rx_client_fifo.v(49)
HDL-5370 WARNING: parameter 'QUEUE1_s' becomes localparam in 'rx_client_fifo' with formal parameter declaration list in import/rx_client_fifo.v(50)
HDL-5370 WARNING: parameter 'QUEUE2_s' becomes localparam in 'rx_client_fifo' with formal parameter declaration list in import/rx_client_fifo.v(51)
HDL-5370 WARNING: parameter 'QUEUE3_s' becomes localparam in 'rx_client_fifo' with formal parameter declaration list in import/rx_client_fifo.v(52)
HDL-5370 WARNING: parameter 'QUEUE_SOF_s' becomes localparam in 'rx_client_fifo' with formal parameter declaration list in import/rx_client_fifo.v(53)
HDL-5370 WARNING: parameter 'SOF_s' becomes localparam in 'rx_client_fifo' with formal parameter declaration list in import/rx_client_fifo.v(54)
HDL-5370 WARNING: parameter 'DATA_s' becomes localparam in 'rx_client_fifo' with formal parameter declaration list in import/rx_client_fifo.v(55)
HDL-5370 WARNING: parameter 'EOF_s' becomes localparam in 'rx_client_fifo' with formal parameter declaration list in import/rx_client_fifo.v(56)
HDL-5370 WARNING: parameter 'IDLE_s' becomes localparam in 'rx_client_fifo' with formal parameter declaration list in import/rx_client_fifo.v(62)
HDL-5370 WARNING: parameter 'FRAME_s' becomes localparam in 'rx_client_fifo' with formal parameter declaration list in import/rx_client_fifo.v(63)
HDL-5370 Similar messages will be suppressed.
HDL-1007 : analyze verilog file import/temac_block.v
HDL-1007 : analyze verilog file import/temac_clk_gen.v
HDL-1007 : analyze verilog file import/tx_client_fifo.v
HDL-5370 WARNING: parameter 'IDLE_s' becomes localparam in 'tx_client_fifo' with formal parameter declaration list in import/tx_client_fifo.v(53)
HDL-5370 WARNING: parameter 'QUEUE1_s' becomes localparam in 'tx_client_fifo' with formal parameter declaration list in import/tx_client_fifo.v(54)
HDL-5370 WARNING: parameter 'QUEUE2_s' becomes localparam in 'tx_client_fifo' with formal parameter declaration list in import/tx_client_fifo.v(55)
HDL-5370 WARNING: parameter 'QUEUE3_s' becomes localparam in 'tx_client_fifo' with formal parameter declaration list in import/tx_client_fifo.v(56)
HDL-5370 WARNING: parameter 'QUEUE_ACK_s' becomes localparam in 'tx_client_fifo' with formal parameter declaration list in import/tx_client_fifo.v(57)
HDL-5370 WARNING: parameter 'WAIT_ACK_s' becomes localparam in 'tx_client_fifo' with formal parameter declaration list in import/tx_client_fifo.v(58)
HDL-5370 WARNING: parameter 'FRAME_s' becomes localparam in 'tx_client_fifo' with formal parameter declaration list in import/tx_client_fifo.v(59)
HDL-5370 WARNING: parameter 'DROP_s' becomes localparam in 'tx_client_fifo' with formal parameter declaration list in import/tx_client_fifo.v(60)
HDL-5370 WARNING: parameter 'RETRANSMIT_s' becomes localparam in 'tx_client_fifo' with formal parameter declaration list in import/tx_client_fifo.v(61)
HDL-5370 WARNING: parameter 'WAIT_s' becomes localparam in 'tx_client_fifo' with formal parameter declaration list in import/tx_client_fifo.v(67)
HDL-5370 Similar messages will be suppressed.
HDL-1007 : analyze verilog file import/tx_clk_en_gen.v
HDL-1007 : analyze verilog file import/udp_data_tpg.v
HDL-1007 : analyze verilog file import/udp_ip_protocol_stack_merge.enc.v
HDL-1007 : back to file 'import/udp_ip_protocol_stack_merge.enc.v' in import/udp_ip_protocol_stack_merge.enc.v(56)
HDL-1007 : undeclared symbol '**', assumed default net type '**' in import/udp_ip_protocol_stack_merge.enc.v(2638)
HDL-1007 : back to file 'import/udp_ip_protocol_stack_merge.enc.v' in import/udp_ip_protocol_stack_merge.enc.v(420)
HDL-1007 : analyze verilog file import/udp_loopback.v
HDL-1007 : analyze verilog file import/sd_card_cmd.v
HDL-1007 : analyze verilog file import/sd_card_sec_read_write.v
HDL-1007 : analyze verilog file import/sd_card_top.v
HDL-1007 : analyze verilog file import/spi_master.v
HDL-1007 : analyze verilog file import/mac_core_aead6cd6dadd.v
HDL-7201 CRITICAL-WARNING: overwrite current module 'mac_core_aead6cd6dadd' in import/mac_core_aead6cd6dadd.v(14)
HDL-7307 CRITICAL-WARNING: previous definition of design element module 'mac_core_aead6cd6dadd' is here. This is because multiple modules(values) with the same name are defined. Please consider rewriting code in ../../../../../Anlogic/HX4S20_Contest_2025_7_29/lab_ex_2025_7_12_nosoft/HXEG420_lab_ex/lab_ex_4_tf_sdram_etnernet_pc/UDP_EG4_6.2/prj/UDP_EXAMPLE/al_ip/TEMAC_CORE/RTL/mac_core_aead6cd6dadd.v(14)
HDL-1007 : analyze verilog file import/TEMAC_CORE_aead6cd6dadd.v
HDL-5007 WARNING: column 1032 exceeds maximum value 1023 in import/TEMAC_CORE_aead6cd6dadd.v(30)
HDL-1007 : back to file 'import/TEMAC_CORE_aead6cd6dadd.v' in import/TEMAC_CORE_aead6cd6dadd.v(86)
HDL-7201 CRITICAL-WARNING: overwrite current module 'TEMAC_CORE_aead6cd6dadd' in import/TEMAC_CORE_aead6cd6dadd.v(1)
HDL-7307 CRITICAL-WARNING: previous definition of design element module 'TEMAC_CORE_aead6cd6dadd' is here. This is because multiple modules(values) with the same name are defined. Please consider rewriting code in ../../../../../Anlogic/HX4S20_Contest_2025_7_29/lab_ex_2025_7_12_nosoft/HXEG420_lab_ex/lab_ex_4_tf_sdram_etnernet_pc/UDP_EG4_6.2/prj/UDP_EXAMPLE/al_ip/TEMAC_CORE/RTL/TEMAC_CORE_aead6cd6dadd.v(1)
HDL-7201 CRITICAL-WARNING: overwrite current ** '**' in import/TEMAC_CORE_aead6cd6dadd.v(3)
HDL-7307 CRITICAL-WARNING: previous definition of design element ** '**' is here. This is because multiple modules(values) with the same name are defined. Please consider rewriting code in ../../../../../Anlogic/HX4S20_Contest_2025_7_29/lab_ex_2025_7_12_nosoft/HXEG420_lab_ex/lab_ex_4_tf_sdram_etnernet_pc/UDP_EG4_6.2/prj/UDP_EXAMPLE/al_ip/TEMAC_CORE/RTL/TEMAC_CORE_aead6cd6dadd.v(3)
HDL-7201 CRITICAL-WARNING: overwrite current ** '**' in import/TEMAC_CORE_aead6cd6dadd.v(186)
HDL-7307 CRITICAL-WARNING: previous definition of design element ** '**' is here. This is because multiple modules(values) with the same name are defined. Please consider rewriting code in ../../../../../Anlogic/HX4S20_Contest_2025_7_29/lab_ex_2025_7_12_nosoft/HXEG420_lab_ex/lab_ex_4_tf_sdram_etnernet_pc/UDP_EG4_6.2/prj/UDP_EXAMPLE/al_ip/TEMAC_CORE/RTL/TEMAC_CORE_aead6cd6dadd.v(186)
HDL-7201 CRITICAL-WARNING: overwrite current ** '**' in import/TEMAC_CORE_aead6cd6dadd.v(225)
HDL-7307 CRITICAL-WARNING: previous definition of design element ** '**' is here. This is because multiple modules(values) with the same name are defined. Please consider rewriting code in ../../../../../Anlogic/HX4S20_Contest_2025_7_29/lab_ex_2025_7_12_nosoft/HXEG420_lab_ex/lab_ex_4_tf_sdram_etnernet_pc/UDP_EG4_6.2/prj/UDP_EXAMPLE/al_ip/TEMAC_CORE/RTL/TEMAC_CORE_aead6cd6dadd.v(225)
HDL-7201 CRITICAL-WARNING: overwrite current ** '**' in import/TEMAC_CORE_aead6cd6dadd.v(253)
HDL-7307 CRITICAL-WARNING: previous definition of design element ** '**' is here. This is because multiple modules(values) with the same name are defined. Please consider rewriting code in ../../../../../Anlogic/HX4S20_Contest_2025_7_29/lab_ex_2025_7_12_nosoft/HXEG420_lab_ex/lab_ex_4_tf_sdram_etnernet_pc/UDP_EG4_6.2/prj/UDP_EXAMPLE/al_ip/TEMAC_CORE/RTL/TEMAC_CORE_aead6cd6dadd.v(253)
HDL-5007 WARNING: event expressions must result in a singular type in import/TEMAC_CORE_aead6cd6dadd.v(3001)
HDL-7201 CRITICAL-WARNING: overwrite current ** '**' in import/TEMAC_CORE_aead6cd6dadd.v(1251)
HDL-7307 CRITICAL-WARNING: previous definition of design element ** '**' is here. This is because multiple modules(values) with the same name are defined. Please consider rewriting code in ../../../../../Anlogic/HX4S20_Contest_2025_7_29/lab_ex_2025_7_12_nosoft/HXEG420_lab_ex/lab_ex_4_tf_sdram_etnernet_pc/UDP_EG4_6.2/prj/UDP_EXAMPLE/al_ip/TEMAC_CORE/RTL/TEMAC_CORE_aead6cd6dadd.v(1251)
HDL-7201 CRITICAL-WARNING: overwrite current ** '**' in import/TEMAC_CORE_aead6cd6dadd.v(3754)
HDL-7307 CRITICAL-WARNING: previous definition of design element ** '**' is here. This is because multiple modules(values) with the same name are defined. Please consider rewriting code in ../../../../../Anlogic/HX4S20_Contest_2025_7_29/lab_ex_2025_7_12_nosoft/HXEG420_lab_ex/lab_ex_4_tf_sdram_etnernet_pc/UDP_EG4_6.2/prj/UDP_EXAMPLE/al_ip/TEMAC_CORE/RTL/TEMAC_CORE_aead6cd6dadd.v(3754)
HDL-7201 CRITICAL-WARNING: overwrite current ** '**' in import/TEMAC_CORE_aead6cd6dadd.v(3808)
HDL-7307 CRITICAL-WARNING: previous definition of design element ** '**' is here. This is because multiple modules(values) with the same name are defined. Please consider rewriting code in ../../../../../Anlogic/HX4S20_Contest_2025_7_29/lab_ex_2025_7_12_nosoft/HXEG420_lab_ex/lab_ex_4_tf_sdram_etnernet_pc/UDP_EG4_6.2/prj/UDP_EXAMPLE/al_ip/TEMAC_CORE/RTL/TEMAC_CORE_aead6cd6dadd.v(3808)
HDL-7201 CRITICAL-WARNING: overwrite current ** '**' in import/TEMAC_CORE_aead6cd6dadd.v(3818)
HDL-7307 CRITICAL-WARNING: previous definition of design element ** '**' is here. This is because multiple modules(values) with the same name are defined. Please consider rewriting code in ../../../../../Anlogic/HX4S20_Contest_2025_7_29/lab_ex_2025_7_12_nosoft/HXEG420_lab_ex/lab_ex_4_tf_sdram_etnernet_pc/UDP_EG4_6.2/prj/UDP_EXAMPLE/al_ip/TEMAC_CORE/RTL/TEMAC_CORE_aead6cd6dadd.v(3818)
HDL-7201 CRITICAL-WARNING: overwrite current ** '**' in import/TEMAC_CORE_aead6cd6dadd.v(3829)
HDL-7307 CRITICAL-WARNING: previous definition of design element ** '**' is here. This is because multiple modules(values) with the same name are defined. Please consider rewriting code in ../../../../../Anlogic/HX4S20_Contest_2025_7_29/lab_ex_2025_7_12_nosoft/HXEG420_lab_ex/lab_ex_4_tf_sdram_etnernet_pc/UDP_EG4_6.2/prj/UDP_EXAMPLE/al_ip/TEMAC_CORE/RTL/TEMAC_CORE_aead6cd6dadd.v(3829)
HDL-7201 CRITICAL-WARNING: overwrite current ** '**' in import/TEMAC_CORE_aead6cd6dadd.v(3844)
HDL-7307 CRITICAL-WARNING: previous definition of design element ** '**' is here. This is because multiple modules(values) with the same name are defined. Please consider rewriting code in ../../../../../Anlogic/HX4S20_Contest_2025_7_29/lab_ex_2025_7_12_nosoft/HXEG420_lab_ex/lab_ex_4_tf_sdram_etnernet_pc/UDP_EG4_6.2/prj/UDP_EXAMPLE/al_ip/TEMAC_CORE/RTL/TEMAC_CORE_aead6cd6dadd.v(3844)
HDL-7201 CRITICAL-WARNING: overwrite current ** '**' in import/TEMAC_CORE_aead6cd6dadd.v(3865)
HDL-7307 CRITICAL-WARNING: previous definition of design element ** '**' is here. This is because multiple modules(values) with the same name are defined. Please consider rewriting code in ../../../../../Anlogic/HX4S20_Contest_2025_7_29/lab_ex_2025_7_12_nosoft/HXEG420_lab_ex/lab_ex_4_tf_sdram_etnernet_pc/UDP_EG4_6.2/prj/UDP_EXAMPLE/al_ip/TEMAC_CORE/RTL/TEMAC_CORE_aead6cd6dadd.v(3865)
HDL-7201 CRITICAL-WARNING: overwrite current ** '**' in import/TEMAC_CORE_aead6cd6dadd.v(3988)
HDL-7307 CRITICAL-WARNING: previous definition of design element ** '**' is here. This is because multiple modules(values) with the same name are defined. Please consider rewriting code in ../../../../../Anlogic/HX4S20_Contest_2025_7_29/lab_ex_2025_7_12_nosoft/HXEG420_lab_ex/lab_ex_4_tf_sdram_etnernet_pc/UDP_EG4_6.2/prj/UDP_EXAMPLE/al_ip/TEMAC_CORE/RTL/TEMAC_CORE_aead6cd6dadd.v(3988)
HDL-7201 CRITICAL-WARNING: overwrite current ** '**' in import/TEMAC_CORE_aead6cd6dadd.v(4055)
HDL-7307 CRITICAL-WARNING: previous definition of design element ** '**' is here. This is because multiple modules(values) with the same name are defined. Please consider rewriting code in ../../../../../Anlogic/HX4S20_Contest_2025_7_29/lab_ex_2025_7_12_nosoft/HXEG420_lab_ex/lab_ex_4_tf_sdram_etnernet_pc/UDP_EG4_6.2/prj/UDP_EXAMPLE/al_ip/TEMAC_CORE/RTL/TEMAC_CORE_aead6cd6dadd.v(4055)
HDL-7201 CRITICAL-WARNING: overwrite current ** '**' in import/TEMAC_CORE_aead6cd6dadd.v(4147)
HDL-7307 CRITICAL-WARNING: previous definition of design element ** '**' is here. This is because multiple modules(values) with the same name are defined. Please consider rewriting code in ../../../../../Anlogic/HX4S20_Contest_2025_7_29/lab_ex_2025_7_12_nosoft/HXEG420_lab_ex/lab_ex_4_tf_sdram_etnernet_pc/UDP_EG4_6.2/prj/UDP_EXAMPLE/al_ip/TEMAC_CORE/RTL/TEMAC_CORE_aead6cd6dadd.v(4147)
HDL-7201 CRITICAL-WARNING: overwrite current ** '**' in import/TEMAC_CORE_aead6cd6dadd.v(4209)
HDL-7307 CRITICAL-WARNING: previous definition of design element ** '**' is here. This is because multiple modules(values) with the same name are defined. Please consider rewriting code in ../../../../../Anlogic/HX4S20_Contest_2025_7_29/lab_ex_2025_7_12_nosoft/HXEG420_lab_ex/lab_ex_4_tf_sdram_etnernet_pc/UDP_EG4_6.2/prj/UDP_EXAMPLE/al_ip/TEMAC_CORE/RTL/TEMAC_CORE_aead6cd6dadd.v(4209)
HDL-7201 CRITICAL-WARNING: overwrite current ** '**' in import/TEMAC_CORE_aead6cd6dadd.v(4444)
HDL-7307 CRITICAL-WARNING: previous definition of design element ** '**' is here. This is because multiple modules(values) with the same name are defined. Please consider rewriting code in ../../../../../Anlogic/HX4S20_Contest_2025_7_29/lab_ex_2025_7_12_nosoft/HXEG420_lab_ex/lab_ex_4_tf_sdram_etnernet_pc/UDP_EG4_6.2/prj/UDP_EXAMPLE/al_ip/TEMAC_CORE/RTL/TEMAC_CORE_aead6cd6dadd.v(4444)
HDL-7201 CRITICAL-WARNING: overwrite current ** '**' in import/TEMAC_CORE_aead6cd6dadd.v(4813)
HDL-7307 CRITICAL-WARNING: previous definition of design element ** '**' is here. This is because multiple modules(values) with the same name are defined. Please consider rewriting code in ../../../../../Anlogic/HX4S20_Contest_2025_7_29/lab_ex_2025_7_12_nosoft/HXEG420_lab_ex/lab_ex_4_tf_sdram_etnernet_pc/UDP_EG4_6.2/prj/UDP_EXAMPLE/al_ip/TEMAC_CORE/RTL/TEMAC_CORE_aead6cd6dadd.v(4813)
HDL-7201 CRITICAL-WARNING: overwrite current ** '**' in import/TEMAC_CORE_aead6cd6dadd.v(4868)
HDL-7307 CRITICAL-WARNING: previous definition of design element ** '**' is here. This is because multiple modules(values) with the same name are defined. Please consider rewriting code in ../../../../../Anlogic/HX4S20_Contest_2025_7_29/lab_ex_2025_7_12_nosoft/HXEG420_lab_ex/lab_ex_4_tf_sdram_etnernet_pc/UDP_EG4_6.2/prj/UDP_EXAMPLE/al_ip/TEMAC_CORE/RTL/TEMAC_CORE_aead6cd6dadd.v(4868)
HDL-1007 : undeclared symbol '**', assumed default net type '**' in import/TEMAC_CORE_aead6cd6dadd.v(5050)
HDL-1007 : undeclared symbol '**', assumed default net type '**' in import/TEMAC_CORE_aead6cd6dadd.v(5458)
HDL-7201 CRITICAL-WARNING: overwrite current ** '**' in import/TEMAC_CORE_aead6cd6dadd.v(4899)
HDL-7307 CRITICAL-WARNING: previous definition of design element ** '**' is here. This is because multiple modules(values) with the same name are defined. Please consider rewriting code in ../../../../../Anlogic/HX4S20_Contest_2025_7_29/lab_ex_2025_7_12_nosoft/HXEG420_lab_ex/lab_ex_4_tf_sdram_etnernet_pc/UDP_EG4_6.2/prj/UDP_EXAMPLE/al_ip/TEMAC_CORE/RTL/TEMAC_CORE_aead6cd6dadd.v(4899)
HDL-7201 CRITICAL-WARNING: overwrite current ** '**' in import/TEMAC_CORE_aead6cd6dadd.v(5470)
HDL-7307 CRITICAL-WARNING: previous definition of design element ** '**' is here. This is because multiple modules(values) with the same name are defined. Please consider rewriting code in ../../../../../Anlogic/HX4S20_Contest_2025_7_29/lab_ex_2025_7_12_nosoft/HXEG420_lab_ex/lab_ex_4_tf_sdram_etnernet_pc/UDP_EG4_6.2/prj/UDP_EXAMPLE/al_ip/TEMAC_CORE/RTL/TEMAC_CORE_aead6cd6dadd.v(5470)
HDL-5007 WARNING: column 1035 exceeds maximum value 1023 in import/TEMAC_CORE_aead6cd6dadd.v(6001)
HDL-7201 CRITICAL-WARNING: overwrite current ** '**' in import/TEMAC_CORE_aead6cd6dadd.v(5659)
HDL-7307 CRITICAL-WARNING: previous definition of design element ** '**' is here. This is because multiple modules(values) with the same name are defined. Please consider rewriting code in ../../../../../Anlogic/HX4S20_Contest_2025_7_29/lab_ex_2025_7_12_nosoft/HXEG420_lab_ex/lab_ex_4_tf_sdram_etnernet_pc/UDP_EG4_6.2/prj/UDP_EXAMPLE/al_ip/TEMAC_CORE/RTL/TEMAC_CORE_aead6cd6dadd.v(5659)
HDL-7201 CRITICAL-WARNING: overwrite current ** '**' in import/TEMAC_CORE_aead6cd6dadd.v(6199)
HDL-7307 CRITICAL-WARNING: previous definition of design element ** '**' is here. This is because multiple modules(values) with the same name are defined. Please consider rewriting code in ../../../../../Anlogic/HX4S20_Contest_2025_7_29/lab_ex_2025_7_12_nosoft/HXEG420_lab_ex/lab_ex_4_tf_sdram_etnernet_pc/UDP_EG4_6.2/prj/UDP_EXAMPLE/al_ip/TEMAC_CORE/RTL/TEMAC_CORE_aead6cd6dadd.v(6199)
HDL-7201 CRITICAL-WARNING: overwrite current ** '**' in import/TEMAC_CORE_aead6cd6dadd.v(6270)
HDL-7307 CRITICAL-WARNING: previous definition of design element ** '**' is here. This is because multiple modules(values) with the same name are defined. Please consider rewriting code in ../../../../../Anlogic/HX4S20_Contest_2025_7_29/lab_ex_2025_7_12_nosoft/HXEG420_lab_ex/lab_ex_4_tf_sdram_etnernet_pc/UDP_EG4_6.2/prj/UDP_EXAMPLE/al_ip/TEMAC_CORE/RTL/TEMAC_CORE_aead6cd6dadd.v(6270)
HDL-7201 CRITICAL-WARNING: overwrite current ** '**' in import/TEMAC_CORE_aead6cd6dadd.v(6495)
HDL-7307 CRITICAL-WARNING: previous definition of design element ** '**' is here. This is because multiple modules(values) with the same name are defined. Please consider rewriting code in ../../../../../Anlogic/HX4S20_Contest_2025_7_29/lab_ex_2025_7_12_nosoft/HXEG420_lab_ex/lab_ex_4_tf_sdram_etnernet_pc/UDP_EG4_6.2/prj/UDP_EXAMPLE/al_ip/TEMAC_CORE/RTL/TEMAC_CORE_aead6cd6dadd.v(6495)
HDL-7201 CRITICAL-WARNING: overwrite current ** '**' in import/TEMAC_CORE_aead6cd6dadd.v(6852)
HDL-7307 CRITICAL-WARNING: previous definition of design element ** '**' is here. This is because multiple modules(values) with the same name are defined. Please consider rewriting code in ../../../../../Anlogic/HX4S20_Contest_2025_7_29/lab_ex_2025_7_12_nosoft/HXEG420_lab_ex/lab_ex_4_tf_sdram_etnernet_pc/UDP_EG4_6.2/prj/UDP_EXAMPLE/al_ip/TEMAC_CORE/RTL/TEMAC_CORE_aead6cd6dadd.v(6852)
HDL-7201 CRITICAL-WARNING: overwrite current ** '**' in import/TEMAC_CORE_aead6cd6dadd.v(6947)
HDL-7307 CRITICAL-WARNING: previous definition of design element ** '**' is here. This is because multiple modules(values) with the same name are defined. Please consider rewriting code in ../../../../../Anlogic/HX4S20_Contest_2025_7_29/lab_ex_2025_7_12_nosoft/HXEG420_lab_ex/lab_ex_4_tf_sdram_etnernet_pc/UDP_EG4_6.2/prj/UDP_EXAMPLE/al_ip/TEMAC_CORE/RTL/TEMAC_CORE_aead6cd6dadd.v(6947)
HDL-7201 CRITICAL-WARNING: overwrite current ** '**' in import/TEMAC_CORE_aead6cd6dadd.v(7513)
HDL-7307 CRITICAL-WARNING: previous definition of design element ** '**' is here. This is because multiple modules(values) with the same name are defined. Please consider rewriting code in ../../../../../Anlogic/HX4S20_Contest_2025_7_29/lab_ex_2025_7_12_nosoft/HXEG420_lab_ex/lab_ex_4_tf_sdram_etnernet_pc/UDP_EG4_6.2/prj/UDP_EXAMPLE/al_ip/TEMAC_CORE/RTL/TEMAC_CORE_aead6cd6dadd.v(7513)
HDL-7201 CRITICAL-WARNING: overwrite current ** '**' in import/TEMAC_CORE_aead6cd6dadd.v(7839)
HDL-7307 CRITICAL-WARNING: previous definition of design element ** '**' is here. This is because multiple modules(values) with the same name are defined. Please consider rewriting code in ../../../../../Anlogic/HX4S20_Contest_2025_7_29/lab_ex_2025_7_12_nosoft/HXEG420_lab_ex/lab_ex_4_tf_sdram_etnernet_pc/UDP_EG4_6.2/prj/UDP_EXAMPLE/al_ip/TEMAC_CORE/RTL/TEMAC_CORE_aead6cd6dadd.v(7839)
HDL-7201 CRITICAL-WARNING: overwrite current ** '**' in import/TEMAC_CORE_aead6cd6dadd.v(8272)
HDL-7307 CRITICAL-WARNING: previous definition of design element ** '**' is here. This is because multiple modules(values) with the same name are defined. Please consider rewriting code in ../../../../../Anlogic/HX4S20_Contest_2025_7_29/lab_ex_2025_7_12_nosoft/HXEG420_lab_ex/lab_ex_4_tf_sdram_etnernet_pc/UDP_EG4_6.2/prj/UDP_EXAMPLE/al_ip/TEMAC_CORE/RTL/TEMAC_CORE_aead6cd6dadd.v(8272)
HDL-7201 CRITICAL-WARNING: overwrite current ** '**' in import/TEMAC_CORE_aead6cd6dadd.v(8504)
HDL-7307 CRITICAL-WARNING: previous definition of design element ** '**' is here. This is because multiple modules(values) with the same name are defined. Please consider rewriting code in ../../../../../Anlogic/HX4S20_Contest_2025_7_29/lab_ex_2025_7_12_nosoft/HXEG420_lab_ex/lab_ex_4_tf_sdram_etnernet_pc/UDP_EG4_6.2/prj/UDP_EXAMPLE/al_ip/TEMAC_CORE/RTL/TEMAC_CORE_aead6cd6dadd.v(8504)
HDL-7201 CRITICAL-WARNING: overwrite current ** '**' in import/TEMAC_CORE_aead6cd6dadd.v(8830)
HDL-7307 CRITICAL-WARNING: previous definition of design element ** '**' is here. This is because multiple modules(values) with the same name are defined. Please consider rewriting code in ../../../../../Anlogic/HX4S20_Contest_2025_7_29/lab_ex_2025_7_12_nosoft/HXEG420_lab_ex/lab_ex_4_tf_sdram_etnernet_pc/UDP_EG4_6.2/prj/UDP_EXAMPLE/al_ip/TEMAC_CORE/RTL/TEMAC_CORE_aead6cd6dadd.v(8830)
HDL-7201 CRITICAL-WARNING: overwrite current ** '**' in import/TEMAC_CORE_aead6cd6dadd.v(8904)
HDL-7307 CRITICAL-WARNING: previous definition of design element ** '**' is here. This is because multiple modules(values) with the same name are defined. Please consider rewriting code in ../../../../../Anlogic/HX4S20_Contest_2025_7_29/lab_ex_2025_7_12_nosoft/HXEG420_lab_ex/lab_ex_4_tf_sdram_etnernet_pc/UDP_EG4_6.2/prj/UDP_EXAMPLE/al_ip/TEMAC_CORE/RTL/TEMAC_CORE_aead6cd6dadd.v(8904)
HDL-7201 CRITICAL-WARNING: overwrite current ** '**' in import/TEMAC_CORE_aead6cd6dadd.v(8971)
HDL-7307 CRITICAL-WARNING: previous definition of design element ** '**' is here. This is because multiple modules(values) with the same name are defined. Please consider rewriting code in ../../../../../Anlogic/HX4S20_Contest_2025_7_29/lab_ex_2025_7_12_nosoft/HXEG420_lab_ex/lab_ex_4_tf_sdram_etnernet_pc/UDP_EG4_6.2/prj/UDP_EXAMPLE/al_ip/TEMAC_CORE/RTL/TEMAC_CORE_aead6cd6dadd.v(8971)
HDL-7201 CRITICAL-WARNING: overwrite current ** '**' in import/TEMAC_CORE_aead6cd6dadd.v(9050)
HDL-7307 CRITICAL-WARNING: previous definition of design element ** '**' is here. This is because multiple modules(values) with the same name are defined. Please consider rewriting code in ../../../../../Anlogic/HX4S20_Contest_2025_7_29/lab_ex_2025_7_12_nosoft/HXEG420_lab_ex/lab_ex_4_tf_sdram_etnernet_pc/UDP_EG4_6.2/prj/UDP_EXAMPLE/al_ip/TEMAC_CORE/RTL/TEMAC_CORE_aead6cd6dadd.v(9050)
HDL-7201 CRITICAL-WARNING: overwrite current ** '**' in import/TEMAC_CORE_aead6cd6dadd.v(9306)
HDL-7307 CRITICAL-WARNING: previous definition of design element ** '**' is here. This is because multiple modules(values) with the same name are defined. Please consider rewriting code in ../../../../../Anlogic/HX4S20_Contest_2025_7_29/lab_ex_2025_7_12_nosoft/HXEG420_lab_ex/lab_ex_4_tf_sdram_etnernet_pc/UDP_EG4_6.2/prj/UDP_EXAMPLE/al_ip/TEMAC_CORE/RTL/TEMAC_CORE_aead6cd6dadd.v(9306)
HDL-1007 : back to file 'import/TEMAC_CORE_aead6cd6dadd.v' in import/TEMAC_CORE_aead6cd6dadd.v(260)
HDL-1007 : analyze verilog file import/TEMAC_CORE.v
HDL-7201 CRITICAL-WARNING: overwrite current module 'TEMAC_CORE' in import/TEMAC_CORE.v(9)
HDL-7307 CRITICAL-WARNING: previous definition of design element module 'TEMAC_CORE' is here. This is because multiple modules(values) with the same name are defined. Please consider rewriting code in ../../../../../Anlogic/HX4S20_Contest_2025_7_29/lab_ex_2025_7_12_nosoft/HXEG420_lab_ex/lab_ex_4_tf_sdram_etnernet_pc/UDP_EG4_6.2/prj/UDP_EXAMPLE/al_ip/TEMAC_CORE/TEMAC_CORE.v(9)
HDL-1007 : analyze verilog file import/pll_gen.v
HDL-1007 : undeclared symbol 'pll_gen_open0', assumed default net type 'wire' in import/pll_gen.v(99)
HDL-1007 : undeclared symbol 'pll_gen_open8', assumed default net type 'wire' in import/pll_gen.v(105)
HDL-1007 : undeclared symbol 'pll_gen_open7', assumed default net type 'wire' in import/pll_gen.v(105)
HDL-1007 : undeclared symbol 'pll_gen_open6', assumed default net type 'wire' in import/pll_gen.v(105)
HDL-1007 : undeclared symbol 'pll_gen_open5', assumed default net type 'wire' in import/pll_gen.v(105)
HDL-1007 : undeclared symbol 'pll_gen_open4', assumed default net type 'wire' in import/pll_gen.v(105)
HDL-1007 : undeclared symbol 'pll_gen_open3', assumed default net type 'wire' in import/pll_gen.v(105)
HDL-1007 : undeclared symbol 'pll_gen_open2', assumed default net type 'wire' in import/pll_gen.v(105)
HDL-1007 : undeclared symbol 'pll_gen_open1', assumed default net type 'wire' in import/pll_gen.v(105)
HDL-7201 CRITICAL-WARNING: overwrite current module 'pll_gen' in import/pll_gen.v(26)
HDL-7307 CRITICAL-WARNING: previous definition of design element module 'pll_gen' is here. This is because multiple modules(values) with the same name are defined. Please consider rewriting code in ../../../../../Anlogic/HX4S20_Contest_2025_7_29/lab_ex_2025_7_12_nosoft/HXEG420_lab_ex/lab_ex_4_tf_sdram_etnernet_pc/UDP_EG4_6.2/prj/UDP_EXAMPLE/al_ip/pll_gen.v(26)
HDL-1007 : analyze verilog file import/rx_pll.v
HDL-1007 : undeclared symbol 'open', assumed default net type 'wire' in import/rx_pll.v(78)
HDL-7201 CRITICAL-WARNING: overwrite current module 'rx_pll' in import/rx_pll.v(24)
HDL-7307 CRITICAL-WARNING: previous definition of design element module 'rx_pll' is here. This is because multiple modules(values) with the same name are defined. Please consider rewriting code in ../../../../../Anlogic/HX4S20_Contest_2025_7_29/lab_ex_2025_7_12_nosoft/HXEG420_lab_ex/lab_ex_4_tf_sdram_etnernet_pc/UDP_EG4_6.2/prj/UDP_EXAMPLE/al_ip/rx_pll.v(24)
HDL-1007 : analyze verilog file import/afifo_16_32_256.v
HDL-7201 CRITICAL-WARNING: overwrite current module 'wfifo_32_32_512' in import/afifo_16_32_256.v(13)
HDL-7307 CRITICAL-WARNING: previous definition of design element module 'wfifo_32_32_512' is here. This is because multiple modules(values) with the same name are defined. Please consider rewriting code in ../../../../../Anlogic/HX4S20_Contest_2025_7_29/lab_ex_2025_7_12_nosoft/HXEG420_lab_ex/lab_ex_5_HX4S20_OV5640/al_ip/afifo_16_32_256.v(13)
HDL-7201 CRITICAL-WARNING: overwrite current module 'fifo_cross_domain_addr_process_al_wfifo_32_32_512' in import/afifo_16_32_256.v(250)
HDL-7307 CRITICAL-WARNING: previous definition of design element module 'fifo_cross_domain_addr_process_al_wfifo_32_32_512' is here. This is because multiple modules(values) with the same name are defined. Please consider rewriting code in ../../../../../Anlogic/HX4S20_Contest_2025_7_29/lab_ex_2025_7_12_nosoft/HXEG420_lab_ex/lab_ex_5_HX4S20_OV5640/al_ip/afifo_16_32_256.v(250)
HDL-7201 CRITICAL-WARNING: overwrite current module 'ram_infer_wfifo_32_32_512' in import/afifo_16_32_256.v(333)
HDL-7307 CRITICAL-WARNING: previous definition of design element module 'ram_infer_wfifo_32_32_512' is here. This is because multiple modules(values) with the same name are defined. Please consider rewriting code in ../../../../../Anlogic/HX4S20_Contest_2025_7_29/lab_ex_2025_7_12_nosoft/HXEG420_lab_ex/lab_ex_5_HX4S20_OV5640/al_ip/afifo_16_32_256.v(333)
HDL-1007 : analyze verilog file import/afifo_32_16_256.v
HDL-7201 CRITICAL-WARNING: overwrite current module 'rfifo_32_32_512' in import/afifo_32_16_256.v(13)
HDL-7307 CRITICAL-WARNING: previous definition of design element module 'rfifo_32_32_512' is here. This is because multiple modules(values) with the same name are defined. Please consider rewriting code in ../../../../../Anlogic/HX4S20_Contest_2025_7_29/lab_ex_2025_7_12_nosoft/HXEG420_lab_ex/lab_ex_5_HX4S20_OV5640/al_ip/afifo_32_16_256.v(13)
HDL-7201 CRITICAL-WARNING: overwrite current module 'fifo_cross_domain_addr_process_al_rfifo_32_32_512' in import/afifo_32_16_256.v(250)
HDL-7307 CRITICAL-WARNING: previous definition of design element module 'fifo_cross_domain_addr_process_al_rfifo_32_32_512' is here. This is because multiple modules(values) with the same name are defined. Please consider rewriting code in ../../../../../Anlogic/HX4S20_Contest_2025_7_29/lab_ex_2025_7_12_nosoft/HXEG420_lab_ex/lab_ex_5_HX4S20_OV5640/al_ip/afifo_32_16_256.v(250)
HDL-7201 CRITICAL-WARNING: overwrite current module 'ram_infer_rfifo_32_32_512' in import/afifo_32_16_256.v(333)
HDL-7307 CRITICAL-WARNING: previous definition of design element module 'ram_infer_rfifo_32_32_512' is here. This is because multiple modules(values) with the same name are defined. Please consider rewriting code in ../../../../../Anlogic/HX4S20_Contest_2025_7_29/lab_ex_2025_7_12_nosoft/HXEG420_lab_ex/lab_ex_5_HX4S20_OV5640/al_ip/afifo_32_16_256.v(333)
HDL-1007 : analyze verilog file import/video_pll.v
HDL-1007 : undeclared symbol 'open', assumed default net type 'wire' in import/video_pll.v(70)
HDL-7201 CRITICAL-WARNING: overwrite current module 'video_pll' in import/video_pll.v(23)
HDL-7307 CRITICAL-WARNING: previous definition of design element module 'video_pll' is here. This is because multiple modules(values) with the same name are defined. Please consider rewriting code in ../../../../../Anlogic/HX4S20_Contest_2025_7_29/lab_ex_2025_7_12_nosoft/HXEG420_lab_ex/lab_ex_5_HX4S20_OV5640/al_ip/video_pll.v(23)
HDL-1007 : analyze verilog file import/sys_pll.v
HDL-1007 : undeclared symbol 'open', assumed default net type 'wire' in import/sys_pll.v(77)
HDL-7201 CRITICAL-WARNING: overwrite current module 'sys_pll' in import/sys_pll.v(24)
HDL-7307 CRITICAL-WARNING: previous definition of design element module 'sys_pll' is here. This is because multiple modules(values) with the same name are defined. Please consider rewriting code in ../../../../../Anlogic/HX4S20_Contest_2025_7_29/lab_ex_2025_7_12_nosoft/HXEG420_lab_ex/lab_ex_6_tf_sdram_hdmi/al_ip/sys_pll.v(24)
HDL-1007 : analyze verilog file import/sd_card_bmp.v
HDL-1007 : analyze verilog file import/seg_decoder.v
HDL-1007 : analyze verilog file import/seg_scan.v
HDL-1007 : analyze verilog file import/ax_debounce.v
HDL-1007 : analyze verilog file import/bmp_read.v
HDL-1007 : analyze verilog file import/top_integrated.v
PRJ-1412 : reset_run syn_1 phy_1.
PRJ-1409 : launch_runs syn_1 phy_1  -jobs 6.
PRJ-1410 : Run syn_1 success.
PRJ-1410 : Run phy_1 success.
RUN-1002 : start command "save_best_bits"
PRJ-1424 : The implemented result of phy_1 is saved as best result.
RUN-1002 : start command "import_db C:/Users/xvhao/Desktop/prj/q3v3 _source/q4_Runs/phy_1/q4_pr.db"
RUN-1001 : Importing database generated by Tang Dynasty, V6.2.168116.
RUN-1001 : Database version number 46207
RUN-1001 : Import flow parameters
RUN-1001 : Import netlist
PHY-1001 : Generate detailed routing grids ...
PHY-1001 : End build routing graph; 0.960517s wall, 0.875000s user + 0.093750s system = 0.968750s CPU (100.9%)

PHY-1001 : Build lut bridge;  0.105982s wall, 0.109375s user + 0.015625s system = 0.125000s CPU (117.9%)

PHY-1001 : Generate nets ...
PHY-1001 : net clk_dup_1 will be routed on clock mesh
PHY-1001 : net phy1_rgmii_rx_clk_dup_1 will be routed on clock mesh
PHY-1001 : net U3/u2_ram/SDRAM_CLK will be routed on clock mesh
PHY-1001 : clock net u_ov5640_dri/u_i2c_dr/dri_clk_syn_4 will be merged with clock u_ov5640_dri/u_i2c_dr/dri_clk
PHY-1001 : clock net frame_read_write_m0/write_clk_syn_4 will be merged with clock frame_read_write_m0/write_clk
PHY-1001 : clock net cam_pclk_syn_4 will be merged with clock cam_pclk_dup_1
PHY-1001 : net frame_read_write_m0/read_buf/clkw will be routed on clock mesh
PHY-1001 : clock net sd_card_bmp_m0/bmp_read_m0/clk will be merged with clock sys_pll_m0/clk0_buf
PHY-1001 : clock net u_rx_pll/clk0_out will be merged with clock u_rx_pll/clk0_buf
PHY-1001 : clock net u_clk_gen/u_pll_0/clk0_out will be merged with clock u_clk_gen/u_pll_0/clk0_buf
PHY-1001 : net u4_trimac_block/u1_rgmii_interface/rgmii_txc_ddr/clk will be routed on clock mesh
PHY-1001 : net u4_trimac_block/gtx_clk will be routed on clock mesh
PHY-1001 : clock net u4_trimac_block/rx_clk will be merged with clock u4_trimac_block/u1_rgmii_interface/rgmii_rxc
PHY-1001 : eco open net = 0
PHY-1001 : 195 feed throughs used by 141 nets
RUN-1001 : Import phy database
RUN-1001 : Import timing constraints
RUN-1001 : Import IO constraints
RUN-1001 : Import Inst constraints
RUN-1001 : Import ChipWatcher
RUN-1001 : Import design success TD_VERSION=6.2.168116 , DB_VERSION=46207
RUN-1003 : finish command "import_db C:/Users/xvhao/Desktop/prj/q3v3 _source/q4_Runs/phy_1/q4_pr.db" in  4.936589s wall, 4.500000s user + 0.515625s system = 5.015625s CPU (101.6%)

RUN-1004 : used memory is 716 MB, reserved memory is 749 MB, peak memory is 811 MB
RUN-1002 : start command "commit_param -step design"
RUN-1001 : Print Global Property
RUN-1001 : --------------------------------------------------------
RUN-1001 :   Parameters   |  Settings  |  Default Values  |  Note  
RUN-1001 : --------------------------------------------------------
RUN-1001 :   enable_seed  |    off     |       off        |        
RUN-1001 :     message    |  standard  |     standard     |        
RUN-1001 :   qor_monitor  |     on     |        on        |        
RUN-1001 :   syn_ip_flow  |    off     |       off        |        
RUN-1001 :     thread     |    auto    |       auto       |        
RUN-1001 : --------------------------------------------------------
RUN-1001 : Print Design Property
RUN-1001 : ----------------------------------------------------------------
RUN-1001 :       Parameters       |  Settings  |  Default Values  |  Note  
RUN-1001 : ----------------------------------------------------------------
RUN-1001 :   default_reg_initial  |    auto    |       auto       |        
RUN-1001 :    hdl_warning_level   |   normal   |      normal      |        
RUN-1001 : ----------------------------------------------------------------
HDL-1007 : analyze verilog file src/video_define.v
HDL-1007 : analyze verilog file src/sdram_r/sdram_para.v
HDL-1007 : analyze verilog file src/sdram/enc_file/global_def.v
HDL-1007 : analyze verilog file ../../../../../Anlogic/HX4S20_Contest_2025_7_29/lab_ex_2025_7_12_nosoft/HXEG420_lab_ex/lab_ex_4_tf_sdram_etnernet_pc/UDP_EG4_6.2/prj/UDP_EXAMPLE/al_ip/TEMAC_CORE/RTL/mac_core_aead6cd6dadd.v
HDL-1007 : analyze verilog file ../../../../../Anlogic/HX4S20_Contest_2025_7_29/lab_ex_2025_7_12_nosoft/HXEG420_lab_ex/lab_ex_4_tf_sdram_etnernet_pc/UDP_EG4_6.2/prj/UDP_EXAMPLE/al_ip/TEMAC_CORE/RTL/TEMAC_CORE_aead6cd6dadd.v
HDL-5007 WARNING: column 1032 exceeds maximum value 1023 in ../../../../../Anlogic/HX4S20_Contest_2025_7_29/lab_ex_2025_7_12_nosoft/HXEG420_lab_ex/lab_ex_4_tf_sdram_etnernet_pc/UDP_EG4_6.2/prj/UDP_EXAMPLE/al_ip/TEMAC_CORE/RTL/TEMAC_CORE_aead6cd6dadd.v(30)
HDL-1007 : back to file '../../../../../Anlogic/HX4S20_Contest_2025_7_29/lab_ex_2025_7_12_nosoft/HXEG420_lab_ex/lab_ex_4_tf_sdram_etnernet_pc/UDP_EG4_6.2/prj/UDP_EXAMPLE/al_ip/TEMAC_CORE/RTL/TEMAC_CORE_aead6cd6dadd.v' in ../../../../../Anlogic/HX4S20_Contest_2025_7_29/lab_ex_2025_7_12_nosoft/HXEG420_lab_ex/lab_ex_4_tf_sdram_etnernet_pc/UDP_EG4_6.2/prj/UDP_EXAMPLE/al_ip/TEMAC_CORE/RTL/TEMAC_CORE_aead6cd6dadd.v(86)
HDL-5007 WARNING: event expressions must result in a singular type in ../../../../../Anlogic/HX4S20_Contest_2025_7_29/lab_ex_2025_7_12_nosoft/HXEG420_lab_ex/lab_ex_4_tf_sdram_etnernet_pc/UDP_EG4_6.2/prj/UDP_EXAMPLE/al_ip/TEMAC_CORE/RTL/TEMAC_CORE_aead6cd6dadd.v(3001)
HDL-1007 : undeclared symbol '**', assumed default net type '**' in ../../../../../Anlogic/HX4S20_Contest_2025_7_29/lab_ex_2025_7_12_nosoft/HXEG420_lab_ex/lab_ex_4_tf_sdram_etnernet_pc/UDP_EG4_6.2/prj/UDP_EXAMPLE/al_ip/TEMAC_CORE/RTL/TEMAC_CORE_aead6cd6dadd.v(5050)
HDL-1007 : undeclared symbol '**', assumed default net type '**' in ../../../../../Anlogic/HX4S20_Contest_2025_7_29/lab_ex_2025_7_12_nosoft/HXEG420_lab_ex/lab_ex_4_tf_sdram_etnernet_pc/UDP_EG4_6.2/prj/UDP_EXAMPLE/al_ip/TEMAC_CORE/RTL/TEMAC_CORE_aead6cd6dadd.v(5458)
HDL-5007 WARNING: column 1035 exceeds maximum value 1023 in ../../../../../Anlogic/HX4S20_Contest_2025_7_29/lab_ex_2025_7_12_nosoft/HXEG420_lab_ex/lab_ex_4_tf_sdram_etnernet_pc/UDP_EG4_6.2/prj/UDP_EXAMPLE/al_ip/TEMAC_CORE/RTL/TEMAC_CORE_aead6cd6dadd.v(6001)
HDL-1007 : back to file '../../../../../Anlogic/HX4S20_Contest_2025_7_29/lab_ex_2025_7_12_nosoft/HXEG420_lab_ex/lab_ex_4_tf_sdram_etnernet_pc/UDP_EG4_6.2/prj/UDP_EXAMPLE/al_ip/TEMAC_CORE/RTL/TEMAC_CORE_aead6cd6dadd.v' in ../../../../../Anlogic/HX4S20_Contest_2025_7_29/lab_ex_2025_7_12_nosoft/HXEG420_lab_ex/lab_ex_4_tf_sdram_etnernet_pc/UDP_EG4_6.2/prj/UDP_EXAMPLE/al_ip/TEMAC_CORE/RTL/TEMAC_CORE_aead6cd6dadd.v(260)
HDL-1007 : analyze verilog file ../../../../../Anlogic/HX4S20_Contest_2025_7_29/lab_ex_2025_7_12_nosoft/HXEG420_lab_ex/lab_ex_4_tf_sdram_etnernet_pc/UDP_EG4_6.2/prj/UDP_EXAMPLE/al_ip/TEMAC_CORE/TEMAC_CORE.v
HDL-1007 : analyze verilog file ../../../../../Anlogic/HX4S20_Contest_2025_7_29/lab_ex_2025_7_12_nosoft/HXEG420_lab_ex/lab_ex_4_tf_sdram_etnernet_pc/UDP_EG4_6.2/prj/UDP_EXAMPLE/al_ip/pll_gen.v
HDL-1007 : undeclared symbol 'pll_gen_open0', assumed default net type 'wire' in ../../../../../Anlogic/HX4S20_Contest_2025_7_29/lab_ex_2025_7_12_nosoft/HXEG420_lab_ex/lab_ex_4_tf_sdram_etnernet_pc/UDP_EG4_6.2/prj/UDP_EXAMPLE/al_ip/pll_gen.v(99)
HDL-1007 : undeclared symbol 'pll_gen_open8', assumed default net type 'wire' in ../../../../../Anlogic/HX4S20_Contest_2025_7_29/lab_ex_2025_7_12_nosoft/HXEG420_lab_ex/lab_ex_4_tf_sdram_etnernet_pc/UDP_EG4_6.2/prj/UDP_EXAMPLE/al_ip/pll_gen.v(105)
HDL-1007 : undeclared symbol 'pll_gen_open7', assumed default net type 'wire' in ../../../../../Anlogic/HX4S20_Contest_2025_7_29/lab_ex_2025_7_12_nosoft/HXEG420_lab_ex/lab_ex_4_tf_sdram_etnernet_pc/UDP_EG4_6.2/prj/UDP_EXAMPLE/al_ip/pll_gen.v(105)
HDL-1007 : undeclared symbol 'pll_gen_open6', assumed default net type 'wire' in ../../../../../Anlogic/HX4S20_Contest_2025_7_29/lab_ex_2025_7_12_nosoft/HXEG420_lab_ex/lab_ex_4_tf_sdram_etnernet_pc/UDP_EG4_6.2/prj/UDP_EXAMPLE/al_ip/pll_gen.v(105)
HDL-1007 : undeclared symbol 'pll_gen_open5', assumed default net type 'wire' in ../../../../../Anlogic/HX4S20_Contest_2025_7_29/lab_ex_2025_7_12_nosoft/HXEG420_lab_ex/lab_ex_4_tf_sdram_etnernet_pc/UDP_EG4_6.2/prj/UDP_EXAMPLE/al_ip/pll_gen.v(105)
HDL-1007 : undeclared symbol 'pll_gen_open4', assumed default net type 'wire' in ../../../../../Anlogic/HX4S20_Contest_2025_7_29/lab_ex_2025_7_12_nosoft/HXEG420_lab_ex/lab_ex_4_tf_sdram_etnernet_pc/UDP_EG4_6.2/prj/UDP_EXAMPLE/al_ip/pll_gen.v(105)
HDL-1007 : undeclared symbol 'pll_gen_open3', assumed default net type 'wire' in ../../../../../Anlogic/HX4S20_Contest_2025_7_29/lab_ex_2025_7_12_nosoft/HXEG420_lab_ex/lab_ex_4_tf_sdram_etnernet_pc/UDP_EG4_6.2/prj/UDP_EXAMPLE/al_ip/pll_gen.v(105)
HDL-1007 : undeclared symbol 'pll_gen_open2', assumed default net type 'wire' in ../../../../../Anlogic/HX4S20_Contest_2025_7_29/lab_ex_2025_7_12_nosoft/HXEG420_lab_ex/lab_ex_4_tf_sdram_etnernet_pc/UDP_EG4_6.2/prj/UDP_EXAMPLE/al_ip/pll_gen.v(105)
HDL-1007 : undeclared symbol 'pll_gen_open1', assumed default net type 'wire' in ../../../../../Anlogic/HX4S20_Contest_2025_7_29/lab_ex_2025_7_12_nosoft/HXEG420_lab_ex/lab_ex_4_tf_sdram_etnernet_pc/UDP_EG4_6.2/prj/UDP_EXAMPLE/al_ip/pll_gen.v(105)
HDL-1007 : analyze verilog file ../../../../../Anlogic/HX4S20_Contest_2025_7_29/lab_ex_2025_7_12_nosoft/HXEG420_lab_ex/lab_ex_4_tf_sdram_etnernet_pc/UDP_EG4_6.2/prj/UDP_EXAMPLE/al_ip/rx_pll.v
HDL-1007 : undeclared symbol 'open', assumed default net type 'wire' in ../../../../../Anlogic/HX4S20_Contest_2025_7_29/lab_ex_2025_7_12_nosoft/HXEG420_lab_ex/lab_ex_4_tf_sdram_etnernet_pc/UDP_EG4_6.2/prj/UDP_EXAMPLE/al_ip/rx_pll.v(78)
HDL-1007 : analyze verilog file ../../../../../Anlogic/HX4S20_Contest_2025_7_29/lab_ex_2025_7_12_nosoft/HXEG420_lab_ex/lab_ex_5_HX4S20_OV5640/al_ip/afifo_16_32_256.v
HDL-1007 : analyze verilog file ../../../../../Anlogic/HX4S20_Contest_2025_7_29/lab_ex_2025_7_12_nosoft/HXEG420_lab_ex/lab_ex_5_HX4S20_OV5640/al_ip/afifo_32_16_256.v
HDL-1007 : analyze verilog file ../../../../../Anlogic/HX4S20_Contest_2025_7_29/lab_ex_2025_7_12_nosoft/HXEG420_lab_ex/lab_ex_5_HX4S20_OV5640/al_ip/video_pll.v
HDL-1007 : undeclared symbol 'open', assumed default net type 'wire' in ../../../../../Anlogic/HX4S20_Contest_2025_7_29/lab_ex_2025_7_12_nosoft/HXEG420_lab_ex/lab_ex_5_HX4S20_OV5640/al_ip/video_pll.v(70)
HDL-1007 : analyze verilog file ../../../../../Anlogic/HX4S20_Contest_2025_7_29/lab_ex_2025_7_12_nosoft/HXEG420_lab_ex/lab_ex_6_tf_sdram_hdmi/al_ip/sys_pll.v
HDL-1007 : undeclared symbol 'open', assumed default net type 'wire' in ../../../../../Anlogic/HX4S20_Contest_2025_7_29/lab_ex_2025_7_12_nosoft/HXEG420_lab_ex/lab_ex_6_tf_sdram_hdmi/al_ip/sys_pll.v(77)
HDL-1007 : analyze verilog file src/color_bar.v
HDL-1007 : analyze included file src/video_define.v in src/color_bar.v(2)
HDL-1007 : back to file 'src/color_bar.v' in src/color_bar.v(2)
HDL-1007 : analyze verilog file src/frame_fifo_read.v
HDL-1007 : analyze verilog file src/frame_fifo_write.v
HDL-1007 : analyze verilog file src/top.v
HDL-1007 : analyze verilog file src/video_timing_data.v
HDL-1007 : analyze verilog file src/sdram/enc_file/sdr_as_ram.enc.v
HDL-1007 : back to file 'src/sdram/enc_file/sdr_as_ram.enc.v' in src/sdram/enc_file/sdr_as_ram.enc.v(45)
HDL-1007 : analyze verilog file src/sdram/enc_file/sdr_wrrd.enc.v
HDL-5007 WARNING: concatenation with an unsized literal will be treated as 32 bits in src/sdram/enc_file/sdr_wrrd.enc.v(283)
HDL-1007 : back to file 'src/sdram/enc_file/sdr_wrrd.enc.v' in src/sdram/enc_file/sdr_wrrd.enc.v(19)
HDL-1007 : analyze verilog file src/sdram/sdram.v
HDL-1007 : analyze included file ./src/sdram/enc_file/global_def.v in src/sdram/sdram.v(10)
HDL-1007 : back to file 'src/sdram/sdram.v' in src/sdram/sdram.v(10)
HDL-1007 : undeclared symbol 'SDR_CKE', assumed default net type 'wire' in src/sdram/sdram.v(89)
HDL-1007 : analyze verilog file src/frame_read_write.v
HDL-1007 : analyze verilog file src/video_delay.v
HDL-1007 : analyze VHDL file src/hdmi/enc_file/DVITransmitter.enc.vhd
HDL-1007 : analyze entity dvitransmitter in src/hdmi/enc_file/DVITransmitter.enc.vhd(13)
HDL-1007 : analyze architecture ** in src/hdmi/enc_file/DVITransmitter.enc.vhd(2)
HDL-1007 : analyze VHDL file src/hdmi/enc_file/SerializerN_1_lvds.enc.vhd
HDL-1007 : analyze entity ** in src/hdmi/enc_file/SerializerN_1_lvds.enc.vhd(12)
HDL-1007 : analyze architecture ** in src/hdmi/enc_file/SerializerN_1_lvds.enc.vhd(25)
HDL-1007 : analyze VHDL file src/hdmi/enc_file/SerializerN_1_lvds_dat.enc.vhd
HDL-1007 : analyze entity ** in src/hdmi/enc_file/SerializerN_1_lvds_dat.enc.vhd(14)
HDL-1007 : analyze architecture ** in src/hdmi/enc_file/SerializerN_1_lvds_dat.enc.vhd(28)
HDL-1007 : analyze VHDL file src/hdmi/enc_file/TMDSEncoder.enc.vhd
HDL-1007 : analyze entity ** in src/hdmi/enc_file/TMDSEncoder.enc.vhd(13)
HDL-1007 : analyze architecture ** in src/hdmi/enc_file/TMDSEncoder.enc.vhd(24)
HDL-1007 : analyze verilog file src/hdmi/enc_file/video_tpg_1024768.enc.v
HDL-5007 WARNING: literal value ** truncated to fit in ** bits in src/hdmi/enc_file/video_tpg_1024768.enc.v(231)
HDL-1007 : back to file 'src/hdmi/enc_file/video_tpg_1024768.enc.v' in src/hdmi/enc_file/video_tpg_1024768.enc.v(1)
HDL-1007 : analyze verilog file src/hdmi/enc_file/video_tpg_1080p.enc.v
HDL-1007 : back to file 'src/hdmi/enc_file/video_tpg_1080p.enc.v' in src/hdmi/enc_file/video_tpg_1080p.enc.v(1)
HDL-1007 : analyze verilog file src/hdmi/enc_file/video_tpg_12801024p.enc.v
HDL-1007 : back to file 'src/hdmi/enc_file/video_tpg_12801024p.enc.v' in src/hdmi/enc_file/video_tpg_12801024p.enc.v(1)
HDL-1007 : analyze verilog file src/hdmi/enc_file/video_tpg_1280800.enc.v
HDL-5007 WARNING: literal value ** truncated to fit in ** bits in src/hdmi/enc_file/video_tpg_1280800.enc.v(233)
HDL-1007 : back to file 'src/hdmi/enc_file/video_tpg_1280800.enc.v' in src/hdmi/enc_file/video_tpg_1280800.enc.v(1)
HDL-1007 : analyze verilog file src/hdmi/enc_file/video_tpg_16801050p.enc.v
HDL-1007 : back to file 'src/hdmi/enc_file/video_tpg_16801050p.enc.v' in src/hdmi/enc_file/video_tpg_16801050p.enc.v(1)
HDL-1007 : analyze verilog file src/hdmi/enc_file/video_tpg_800600.enc.v
HDL-1007 : back to file 'src/hdmi/enc_file/video_tpg_800600.enc.v' in src/hdmi/enc_file/video_tpg_800600.enc.v(1)
HDL-1007 : analyze VHDL file src/hdmi/hdmi_tx.vhd
HDL-1007 : analyze entity hdmi_tx in src/hdmi/hdmi_tx.vhd(11)
HDL-1007 : analyze architecture behavioral in src/hdmi/hdmi_tx.vhd(33)
HDL-1007 : analyze verilog file src/sdram/enc_file/sdr_init_ref.enc.v
HDL-1007 : analyze included file ./src/sdram/enc_file/global_def.v in src/sdram/enc_file/sdr_init_ref.enc.v(11)
HDL-1007 : back to file 'src/sdram/enc_file/sdr_init_ref.enc.v' in src/sdram/enc_file/sdr_init_ref.enc.v(11)
HDL-1007 : undeclared symbol '**', assumed default net type '**' in src/sdram/enc_file/sdr_init_ref.enc.v(57)
HDL-1007 : back to file 'src/sdram/enc_file/sdr_init_ref.enc.v' in src/sdram/enc_file/sdr_init_ref.enc.v(149)
HDL-5007 WARNING: concatenation with an unsized literal will be treated as 32 bits in src/sdram/enc_file/sdr_init_ref.enc.v(47)
HDL-1007 : analyze verilog file src/ov5640/cmos_capture_data.v
HDL-1007 : analyze verilog file src/ov5640/i2c_dri.v
HDL-1007 : analyze verilog file src/ov5640/i2c_ov5640_rgb565_cfg.v
HDL-1007 : analyze verilog file src/ov5640/ov5640_dri.v
HDL-1007 : analyze verilog file src/ov5640/ov5640_delay.v
HDL-1007 : analyze verilog file import/udp_cam_ctrl.v
HDL-1007 : analyze verilog file import/clk_gen_rst_gen.v
HDL-1007 : analyze verilog file import/div_clk_gen.v
HDL-1007 : analyze verilog file import/IDDR.v
HDL-1007 : analyze verilog file import/ODDR.v
HDL-1007 : analyze verilog file import/RAMB16_S9_S9.v
HDL-1007 : undeclared symbol 'open', assumed default net type 'wire' in import/RAMB16_S9_S9.v(109)
HDL-1007 : analyze verilog file import/rgmii_interface.v
HDL-1007 : analyze verilog file import/rx_client_fifo.v
HDL-5370 WARNING: parameter 'WAIT_s' becomes localparam in 'rx_client_fifo' with formal parameter declaration list in import/rx_client_fifo.v(49)
HDL-5370 WARNING: parameter 'QUEUE1_s' becomes localparam in 'rx_client_fifo' with formal parameter declaration list in import/rx_client_fifo.v(50)
HDL-5370 WARNING: parameter 'QUEUE2_s' becomes localparam in 'rx_client_fifo' with formal parameter declaration list in import/rx_client_fifo.v(51)
HDL-5370 WARNING: parameter 'QUEUE3_s' becomes localparam in 'rx_client_fifo' with formal parameter declaration list in import/rx_client_fifo.v(52)
HDL-5370 WARNING: parameter 'QUEUE_SOF_s' becomes localparam in 'rx_client_fifo' with formal parameter declaration list in import/rx_client_fifo.v(53)
HDL-5370 WARNING: parameter 'SOF_s' becomes localparam in 'rx_client_fifo' with formal parameter declaration list in import/rx_client_fifo.v(54)
HDL-5370 WARNING: parameter 'DATA_s' becomes localparam in 'rx_client_fifo' with formal parameter declaration list in import/rx_client_fifo.v(55)
HDL-5370 WARNING: parameter 'EOF_s' becomes localparam in 'rx_client_fifo' with formal parameter declaration list in import/rx_client_fifo.v(56)
HDL-5370 WARNING: parameter 'IDLE_s' becomes localparam in 'rx_client_fifo' with formal parameter declaration list in import/rx_client_fifo.v(62)
HDL-5370 WARNING: parameter 'FRAME_s' becomes localparam in 'rx_client_fifo' with formal parameter declaration list in import/rx_client_fifo.v(63)
HDL-5370 Similar messages will be suppressed.
HDL-1007 : analyze verilog file import/temac_block.v
HDL-1007 : analyze verilog file import/temac_clk_gen.v
HDL-1007 : analyze verilog file import/tx_client_fifo.v
HDL-5370 WARNING: parameter 'IDLE_s' becomes localparam in 'tx_client_fifo' with formal parameter declaration list in import/tx_client_fifo.v(53)
HDL-5370 WARNING: parameter 'QUEUE1_s' becomes localparam in 'tx_client_fifo' with formal parameter declaration list in import/tx_client_fifo.v(54)
HDL-5370 WARNING: parameter 'QUEUE2_s' becomes localparam in 'tx_client_fifo' with formal parameter declaration list in import/tx_client_fifo.v(55)
HDL-5370 WARNING: parameter 'QUEUE3_s' becomes localparam in 'tx_client_fifo' with formal parameter declaration list in import/tx_client_fifo.v(56)
HDL-5370 WARNING: parameter 'QUEUE_ACK_s' becomes localparam in 'tx_client_fifo' with formal parameter declaration list in import/tx_client_fifo.v(57)
HDL-5370 WARNING: parameter 'WAIT_ACK_s' becomes localparam in 'tx_client_fifo' with formal parameter declaration list in import/tx_client_fifo.v(58)
HDL-5370 WARNING: parameter 'FRAME_s' becomes localparam in 'tx_client_fifo' with formal parameter declaration list in import/tx_client_fifo.v(59)
HDL-5370 WARNING: parameter 'DROP_s' becomes localparam in 'tx_client_fifo' with formal parameter declaration list in import/tx_client_fifo.v(60)
HDL-5370 WARNING: parameter 'RETRANSMIT_s' becomes localparam in 'tx_client_fifo' with formal parameter declaration list in import/tx_client_fifo.v(61)
HDL-5370 WARNING: parameter 'WAIT_s' becomes localparam in 'tx_client_fifo' with formal parameter declaration list in import/tx_client_fifo.v(67)
HDL-5370 Similar messages will be suppressed.
HDL-1007 : analyze verilog file import/tx_clk_en_gen.v
HDL-1007 : analyze verilog file import/udp_data_tpg.v
HDL-1007 : analyze verilog file import/udp_ip_protocol_stack_merge.enc.v
HDL-1007 : back to file 'import/udp_ip_protocol_stack_merge.enc.v' in import/udp_ip_protocol_stack_merge.enc.v(56)
HDL-1007 : undeclared symbol '**', assumed default net type '**' in import/udp_ip_protocol_stack_merge.enc.v(2638)
HDL-1007 : back to file 'import/udp_ip_protocol_stack_merge.enc.v' in import/udp_ip_protocol_stack_merge.enc.v(420)
HDL-1007 : analyze verilog file import/udp_loopback.v
HDL-1007 : analyze verilog file import/sd_card_cmd.v
HDL-1007 : analyze verilog file import/sd_card_sec_read_write.v
HDL-1007 : analyze verilog file import/sd_card_top.v
HDL-1007 : analyze verilog file import/spi_master.v
HDL-1007 : analyze verilog file import/mac_core_aead6cd6dadd.v
HDL-7201 CRITICAL-WARNING: overwrite current module 'mac_core_aead6cd6dadd' in import/mac_core_aead6cd6dadd.v(14)
HDL-7307 CRITICAL-WARNING: previous definition of design element module 'mac_core_aead6cd6dadd' is here. This is because multiple modules(values) with the same name are defined. Please consider rewriting code in ../../../../../Anlogic/HX4S20_Contest_2025_7_29/lab_ex_2025_7_12_nosoft/HXEG420_lab_ex/lab_ex_4_tf_sdram_etnernet_pc/UDP_EG4_6.2/prj/UDP_EXAMPLE/al_ip/TEMAC_CORE/RTL/mac_core_aead6cd6dadd.v(14)
HDL-1007 : analyze verilog file import/TEMAC_CORE_aead6cd6dadd.v
HDL-5007 WARNING: column 1032 exceeds maximum value 1023 in import/TEMAC_CORE_aead6cd6dadd.v(30)
HDL-1007 : back to file 'import/TEMAC_CORE_aead6cd6dadd.v' in import/TEMAC_CORE_aead6cd6dadd.v(86)
HDL-7201 CRITICAL-WARNING: overwrite current module 'TEMAC_CORE_aead6cd6dadd' in import/TEMAC_CORE_aead6cd6dadd.v(1)
HDL-7307 CRITICAL-WARNING: previous definition of design element module 'TEMAC_CORE_aead6cd6dadd' is here. This is because multiple modules(values) with the same name are defined. Please consider rewriting code in ../../../../../Anlogic/HX4S20_Contest_2025_7_29/lab_ex_2025_7_12_nosoft/HXEG420_lab_ex/lab_ex_4_tf_sdram_etnernet_pc/UDP_EG4_6.2/prj/UDP_EXAMPLE/al_ip/TEMAC_CORE/RTL/TEMAC_CORE_aead6cd6dadd.v(1)
HDL-7201 CRITICAL-WARNING: overwrite current ** '**' in import/TEMAC_CORE_aead6cd6dadd.v(3)
HDL-7307 CRITICAL-WARNING: previous definition of design element ** '**' is here. This is because multiple modules(values) with the same name are defined. Please consider rewriting code in ../../../../../Anlogic/HX4S20_Contest_2025_7_29/lab_ex_2025_7_12_nosoft/HXEG420_lab_ex/lab_ex_4_tf_sdram_etnernet_pc/UDP_EG4_6.2/prj/UDP_EXAMPLE/al_ip/TEMAC_CORE/RTL/TEMAC_CORE_aead6cd6dadd.v(3)
HDL-7201 CRITICAL-WARNING: overwrite current ** '**' in import/TEMAC_CORE_aead6cd6dadd.v(186)
HDL-7307 CRITICAL-WARNING: previous definition of design element ** '**' is here. This is because multiple modules(values) with the same name are defined. Please consider rewriting code in ../../../../../Anlogic/HX4S20_Contest_2025_7_29/lab_ex_2025_7_12_nosoft/HXEG420_lab_ex/lab_ex_4_tf_sdram_etnernet_pc/UDP_EG4_6.2/prj/UDP_EXAMPLE/al_ip/TEMAC_CORE/RTL/TEMAC_CORE_aead6cd6dadd.v(186)
HDL-7201 CRITICAL-WARNING: overwrite current ** '**' in import/TEMAC_CORE_aead6cd6dadd.v(225)
HDL-7307 CRITICAL-WARNING: previous definition of design element ** '**' is here. This is because multiple modules(values) with the same name are defined. Please consider rewriting code in ../../../../../Anlogic/HX4S20_Contest_2025_7_29/lab_ex_2025_7_12_nosoft/HXEG420_lab_ex/lab_ex_4_tf_sdram_etnernet_pc/UDP_EG4_6.2/prj/UDP_EXAMPLE/al_ip/TEMAC_CORE/RTL/TEMAC_CORE_aead6cd6dadd.v(225)
HDL-7201 CRITICAL-WARNING: overwrite current ** '**' in import/TEMAC_CORE_aead6cd6dadd.v(253)
HDL-7307 CRITICAL-WARNING: previous definition of design element ** '**' is here. This is because multiple modules(values) with the same name are defined. Please consider rewriting code in ../../../../../Anlogic/HX4S20_Contest_2025_7_29/lab_ex_2025_7_12_nosoft/HXEG420_lab_ex/lab_ex_4_tf_sdram_etnernet_pc/UDP_EG4_6.2/prj/UDP_EXAMPLE/al_ip/TEMAC_CORE/RTL/TEMAC_CORE_aead6cd6dadd.v(253)
HDL-5007 WARNING: event expressions must result in a singular type in import/TEMAC_CORE_aead6cd6dadd.v(3001)
HDL-7201 CRITICAL-WARNING: overwrite current ** '**' in import/TEMAC_CORE_aead6cd6dadd.v(1251)
HDL-7307 CRITICAL-WARNING: previous definition of design element ** '**' is here. This is because multiple modules(values) with the same name are defined. Please consider rewriting code in ../../../../../Anlogic/HX4S20_Contest_2025_7_29/lab_ex_2025_7_12_nosoft/HXEG420_lab_ex/lab_ex_4_tf_sdram_etnernet_pc/UDP_EG4_6.2/prj/UDP_EXAMPLE/al_ip/TEMAC_CORE/RTL/TEMAC_CORE_aead6cd6dadd.v(1251)
HDL-7201 CRITICAL-WARNING: overwrite current ** '**' in import/TEMAC_CORE_aead6cd6dadd.v(3754)
HDL-7307 CRITICAL-WARNING: previous definition of design element ** '**' is here. This is because multiple modules(values) with the same name are defined. Please consider rewriting code in ../../../../../Anlogic/HX4S20_Contest_2025_7_29/lab_ex_2025_7_12_nosoft/HXEG420_lab_ex/lab_ex_4_tf_sdram_etnernet_pc/UDP_EG4_6.2/prj/UDP_EXAMPLE/al_ip/TEMAC_CORE/RTL/TEMAC_CORE_aead6cd6dadd.v(3754)
HDL-7201 CRITICAL-WARNING: overwrite current ** '**' in import/TEMAC_CORE_aead6cd6dadd.v(3808)
HDL-7307 CRITICAL-WARNING: previous definition of design element ** '**' is here. This is because multiple modules(values) with the same name are defined. Please consider rewriting code in ../../../../../Anlogic/HX4S20_Contest_2025_7_29/lab_ex_2025_7_12_nosoft/HXEG420_lab_ex/lab_ex_4_tf_sdram_etnernet_pc/UDP_EG4_6.2/prj/UDP_EXAMPLE/al_ip/TEMAC_CORE/RTL/TEMAC_CORE_aead6cd6dadd.v(3808)
HDL-7201 CRITICAL-WARNING: overwrite current ** '**' in import/TEMAC_CORE_aead6cd6dadd.v(3818)
HDL-7307 CRITICAL-WARNING: previous definition of design element ** '**' is here. This is because multiple modules(values) with the same name are defined. Please consider rewriting code in ../../../../../Anlogic/HX4S20_Contest_2025_7_29/lab_ex_2025_7_12_nosoft/HXEG420_lab_ex/lab_ex_4_tf_sdram_etnernet_pc/UDP_EG4_6.2/prj/UDP_EXAMPLE/al_ip/TEMAC_CORE/RTL/TEMAC_CORE_aead6cd6dadd.v(3818)
HDL-7201 CRITICAL-WARNING: overwrite current ** '**' in import/TEMAC_CORE_aead6cd6dadd.v(3829)
HDL-7307 CRITICAL-WARNING: previous definition of design element ** '**' is here. This is because multiple modules(values) with the same name are defined. Please consider rewriting code in ../../../../../Anlogic/HX4S20_Contest_2025_7_29/lab_ex_2025_7_12_nosoft/HXEG420_lab_ex/lab_ex_4_tf_sdram_etnernet_pc/UDP_EG4_6.2/prj/UDP_EXAMPLE/al_ip/TEMAC_CORE/RTL/TEMAC_CORE_aead6cd6dadd.v(3829)
HDL-7201 CRITICAL-WARNING: overwrite current ** '**' in import/TEMAC_CORE_aead6cd6dadd.v(3844)
HDL-7307 CRITICAL-WARNING: previous definition of design element ** '**' is here. This is because multiple modules(values) with the same name are defined. Please consider rewriting code in ../../../../../Anlogic/HX4S20_Contest_2025_7_29/lab_ex_2025_7_12_nosoft/HXEG420_lab_ex/lab_ex_4_tf_sdram_etnernet_pc/UDP_EG4_6.2/prj/UDP_EXAMPLE/al_ip/TEMAC_CORE/RTL/TEMAC_CORE_aead6cd6dadd.v(3844)
HDL-7201 CRITICAL-WARNING: overwrite current ** '**' in import/TEMAC_CORE_aead6cd6dadd.v(3865)
HDL-7307 CRITICAL-WARNING: previous definition of design element ** '**' is here. This is because multiple modules(values) with the same name are defined. Please consider rewriting code in ../../../../../Anlogic/HX4S20_Contest_2025_7_29/lab_ex_2025_7_12_nosoft/HXEG420_lab_ex/lab_ex_4_tf_sdram_etnernet_pc/UDP_EG4_6.2/prj/UDP_EXAMPLE/al_ip/TEMAC_CORE/RTL/TEMAC_CORE_aead6cd6dadd.v(3865)
HDL-7201 CRITICAL-WARNING: overwrite current ** '**' in import/TEMAC_CORE_aead6cd6dadd.v(3988)
HDL-7307 CRITICAL-WARNING: previous definition of design element ** '**' is here. This is because multiple modules(values) with the same name are defined. Please consider rewriting code in ../../../../../Anlogic/HX4S20_Contest_2025_7_29/lab_ex_2025_7_12_nosoft/HXEG420_lab_ex/lab_ex_4_tf_sdram_etnernet_pc/UDP_EG4_6.2/prj/UDP_EXAMPLE/al_ip/TEMAC_CORE/RTL/TEMAC_CORE_aead6cd6dadd.v(3988)
HDL-7201 CRITICAL-WARNING: overwrite current ** '**' in import/TEMAC_CORE_aead6cd6dadd.v(4055)
HDL-7307 CRITICAL-WARNING: previous definition of design element ** '**' is here. This is because multiple modules(values) with the same name are defined. Please consider rewriting code in ../../../../../Anlogic/HX4S20_Contest_2025_7_29/lab_ex_2025_7_12_nosoft/HXEG420_lab_ex/lab_ex_4_tf_sdram_etnernet_pc/UDP_EG4_6.2/prj/UDP_EXAMPLE/al_ip/TEMAC_CORE/RTL/TEMAC_CORE_aead6cd6dadd.v(4055)
HDL-7201 CRITICAL-WARNING: overwrite current ** '**' in import/TEMAC_CORE_aead6cd6dadd.v(4147)
HDL-7307 CRITICAL-WARNING: previous definition of design element ** '**' is here. This is because multiple modules(values) with the same name are defined. Please consider rewriting code in ../../../../../Anlogic/HX4S20_Contest_2025_7_29/lab_ex_2025_7_12_nosoft/HXEG420_lab_ex/lab_ex_4_tf_sdram_etnernet_pc/UDP_EG4_6.2/prj/UDP_EXAMPLE/al_ip/TEMAC_CORE/RTL/TEMAC_CORE_aead6cd6dadd.v(4147)
HDL-7201 CRITICAL-WARNING: overwrite current ** '**' in import/TEMAC_CORE_aead6cd6dadd.v(4209)
HDL-7307 CRITICAL-WARNING: previous definition of design element ** '**' is here. This is because multiple modules(values) with the same name are defined. Please consider rewriting code in ../../../../../Anlogic/HX4S20_Contest_2025_7_29/lab_ex_2025_7_12_nosoft/HXEG420_lab_ex/lab_ex_4_tf_sdram_etnernet_pc/UDP_EG4_6.2/prj/UDP_EXAMPLE/al_ip/TEMAC_CORE/RTL/TEMAC_CORE_aead6cd6dadd.v(4209)
HDL-7201 CRITICAL-WARNING: overwrite current ** '**' in import/TEMAC_CORE_aead6cd6dadd.v(4444)
HDL-7307 CRITICAL-WARNING: previous definition of design element ** '**' is here. This is because multiple modules(values) with the same name are defined. Please consider rewriting code in ../../../../../Anlogic/HX4S20_Contest_2025_7_29/lab_ex_2025_7_12_nosoft/HXEG420_lab_ex/lab_ex_4_tf_sdram_etnernet_pc/UDP_EG4_6.2/prj/UDP_EXAMPLE/al_ip/TEMAC_CORE/RTL/TEMAC_CORE_aead6cd6dadd.v(4444)
HDL-7201 CRITICAL-WARNING: overwrite current ** '**' in import/TEMAC_CORE_aead6cd6dadd.v(4813)
HDL-7307 CRITICAL-WARNING: previous definition of design element ** '**' is here. This is because multiple modules(values) with the same name are defined. Please consider rewriting code in ../../../../../Anlogic/HX4S20_Contest_2025_7_29/lab_ex_2025_7_12_nosoft/HXEG420_lab_ex/lab_ex_4_tf_sdram_etnernet_pc/UDP_EG4_6.2/prj/UDP_EXAMPLE/al_ip/TEMAC_CORE/RTL/TEMAC_CORE_aead6cd6dadd.v(4813)
HDL-7201 CRITICAL-WARNING: overwrite current ** '**' in import/TEMAC_CORE_aead6cd6dadd.v(4868)
HDL-7307 CRITICAL-WARNING: previous definition of design element ** '**' is here. This is because multiple modules(values) with the same name are defined. Please consider rewriting code in ../../../../../Anlogic/HX4S20_Contest_2025_7_29/lab_ex_2025_7_12_nosoft/HXEG420_lab_ex/lab_ex_4_tf_sdram_etnernet_pc/UDP_EG4_6.2/prj/UDP_EXAMPLE/al_ip/TEMAC_CORE/RTL/TEMAC_CORE_aead6cd6dadd.v(4868)
HDL-1007 : undeclared symbol '**', assumed default net type '**' in import/TEMAC_CORE_aead6cd6dadd.v(5050)
HDL-1007 : undeclared symbol '**', assumed default net type '**' in import/TEMAC_CORE_aead6cd6dadd.v(5458)
HDL-7201 CRITICAL-WARNING: overwrite current ** '**' in import/TEMAC_CORE_aead6cd6dadd.v(4899)
HDL-7307 CRITICAL-WARNING: previous definition of design element ** '**' is here. This is because multiple modules(values) with the same name are defined. Please consider rewriting code in ../../../../../Anlogic/HX4S20_Contest_2025_7_29/lab_ex_2025_7_12_nosoft/HXEG420_lab_ex/lab_ex_4_tf_sdram_etnernet_pc/UDP_EG4_6.2/prj/UDP_EXAMPLE/al_ip/TEMAC_CORE/RTL/TEMAC_CORE_aead6cd6dadd.v(4899)
HDL-7201 CRITICAL-WARNING: overwrite current ** '**' in import/TEMAC_CORE_aead6cd6dadd.v(5470)
HDL-7307 CRITICAL-WARNING: previous definition of design element ** '**' is here. This is because multiple modules(values) with the same name are defined. Please consider rewriting code in ../../../../../Anlogic/HX4S20_Contest_2025_7_29/lab_ex_2025_7_12_nosoft/HXEG420_lab_ex/lab_ex_4_tf_sdram_etnernet_pc/UDP_EG4_6.2/prj/UDP_EXAMPLE/al_ip/TEMAC_CORE/RTL/TEMAC_CORE_aead6cd6dadd.v(5470)
HDL-5007 WARNING: column 1035 exceeds maximum value 1023 in import/TEMAC_CORE_aead6cd6dadd.v(6001)
HDL-7201 CRITICAL-WARNING: overwrite current ** '**' in import/TEMAC_CORE_aead6cd6dadd.v(5659)
HDL-7307 CRITICAL-WARNING: previous definition of design element ** '**' is here. This is because multiple modules(values) with the same name are defined. Please consider rewriting code in ../../../../../Anlogic/HX4S20_Contest_2025_7_29/lab_ex_2025_7_12_nosoft/HXEG420_lab_ex/lab_ex_4_tf_sdram_etnernet_pc/UDP_EG4_6.2/prj/UDP_EXAMPLE/al_ip/TEMAC_CORE/RTL/TEMAC_CORE_aead6cd6dadd.v(5659)
HDL-7201 CRITICAL-WARNING: overwrite current ** '**' in import/TEMAC_CORE_aead6cd6dadd.v(6199)
HDL-7307 CRITICAL-WARNING: previous definition of design element ** '**' is here. This is because multiple modules(values) with the same name are defined. Please consider rewriting code in ../../../../../Anlogic/HX4S20_Contest_2025_7_29/lab_ex_2025_7_12_nosoft/HXEG420_lab_ex/lab_ex_4_tf_sdram_etnernet_pc/UDP_EG4_6.2/prj/UDP_EXAMPLE/al_ip/TEMAC_CORE/RTL/TEMAC_CORE_aead6cd6dadd.v(6199)
HDL-7201 CRITICAL-WARNING: overwrite current ** '**' in import/TEMAC_CORE_aead6cd6dadd.v(6270)
HDL-7307 CRITICAL-WARNING: previous definition of design element ** '**' is here. This is because multiple modules(values) with the same name are defined. Please consider rewriting code in ../../../../../Anlogic/HX4S20_Contest_2025_7_29/lab_ex_2025_7_12_nosoft/HXEG420_lab_ex/lab_ex_4_tf_sdram_etnernet_pc/UDP_EG4_6.2/prj/UDP_EXAMPLE/al_ip/TEMAC_CORE/RTL/TEMAC_CORE_aead6cd6dadd.v(6270)
HDL-7201 CRITICAL-WARNING: overwrite current ** '**' in import/TEMAC_CORE_aead6cd6dadd.v(6495)
HDL-7307 CRITICAL-WARNING: previous definition of design element ** '**' is here. This is because multiple modules(values) with the same name are defined. Please consider rewriting code in ../../../../../Anlogic/HX4S20_Contest_2025_7_29/lab_ex_2025_7_12_nosoft/HXEG420_lab_ex/lab_ex_4_tf_sdram_etnernet_pc/UDP_EG4_6.2/prj/UDP_EXAMPLE/al_ip/TEMAC_CORE/RTL/TEMAC_CORE_aead6cd6dadd.v(6495)
HDL-7201 CRITICAL-WARNING: overwrite current ** '**' in import/TEMAC_CORE_aead6cd6dadd.v(6852)
HDL-7307 CRITICAL-WARNING: previous definition of design element ** '**' is here. This is because multiple modules(values) with the same name are defined. Please consider rewriting code in ../../../../../Anlogic/HX4S20_Contest_2025_7_29/lab_ex_2025_7_12_nosoft/HXEG420_lab_ex/lab_ex_4_tf_sdram_etnernet_pc/UDP_EG4_6.2/prj/UDP_EXAMPLE/al_ip/TEMAC_CORE/RTL/TEMAC_CORE_aead6cd6dadd.v(6852)
HDL-7201 CRITICAL-WARNING: overwrite current ** '**' in import/TEMAC_CORE_aead6cd6dadd.v(6947)
HDL-7307 CRITICAL-WARNING: previous definition of design element ** '**' is here. This is because multiple modules(values) with the same name are defined. Please consider rewriting code in ../../../../../Anlogic/HX4S20_Contest_2025_7_29/lab_ex_2025_7_12_nosoft/HXEG420_lab_ex/lab_ex_4_tf_sdram_etnernet_pc/UDP_EG4_6.2/prj/UDP_EXAMPLE/al_ip/TEMAC_CORE/RTL/TEMAC_CORE_aead6cd6dadd.v(6947)
HDL-7201 CRITICAL-WARNING: overwrite current ** '**' in import/TEMAC_CORE_aead6cd6dadd.v(7513)
HDL-7307 CRITICAL-WARNING: previous definition of design element ** '**' is here. This is because multiple modules(values) with the same name are defined. Please consider rewriting code in ../../../../../Anlogic/HX4S20_Contest_2025_7_29/lab_ex_2025_7_12_nosoft/HXEG420_lab_ex/lab_ex_4_tf_sdram_etnernet_pc/UDP_EG4_6.2/prj/UDP_EXAMPLE/al_ip/TEMAC_CORE/RTL/TEMAC_CORE_aead6cd6dadd.v(7513)
HDL-7201 CRITICAL-WARNING: overwrite current ** '**' in import/TEMAC_CORE_aead6cd6dadd.v(7839)
HDL-7307 CRITICAL-WARNING: previous definition of design element ** '**' is here. This is because multiple modules(values) with the same name are defined. Please consider rewriting code in ../../../../../Anlogic/HX4S20_Contest_2025_7_29/lab_ex_2025_7_12_nosoft/HXEG420_lab_ex/lab_ex_4_tf_sdram_etnernet_pc/UDP_EG4_6.2/prj/UDP_EXAMPLE/al_ip/TEMAC_CORE/RTL/TEMAC_CORE_aead6cd6dadd.v(7839)
HDL-7201 CRITICAL-WARNING: overwrite current ** '**' in import/TEMAC_CORE_aead6cd6dadd.v(8272)
HDL-7307 CRITICAL-WARNING: previous definition of design element ** '**' is here. This is because multiple modules(values) with the same name are defined. Please consider rewriting code in ../../../../../Anlogic/HX4S20_Contest_2025_7_29/lab_ex_2025_7_12_nosoft/HXEG420_lab_ex/lab_ex_4_tf_sdram_etnernet_pc/UDP_EG4_6.2/prj/UDP_EXAMPLE/al_ip/TEMAC_CORE/RTL/TEMAC_CORE_aead6cd6dadd.v(8272)
HDL-7201 CRITICAL-WARNING: overwrite current ** '**' in import/TEMAC_CORE_aead6cd6dadd.v(8504)
HDL-7307 CRITICAL-WARNING: previous definition of design element ** '**' is here. This is because multiple modules(values) with the same name are defined. Please consider rewriting code in ../../../../../Anlogic/HX4S20_Contest_2025_7_29/lab_ex_2025_7_12_nosoft/HXEG420_lab_ex/lab_ex_4_tf_sdram_etnernet_pc/UDP_EG4_6.2/prj/UDP_EXAMPLE/al_ip/TEMAC_CORE/RTL/TEMAC_CORE_aead6cd6dadd.v(8504)
HDL-7201 CRITICAL-WARNING: overwrite current ** '**' in import/TEMAC_CORE_aead6cd6dadd.v(8830)
HDL-7307 CRITICAL-WARNING: previous definition of design element ** '**' is here. This is because multiple modules(values) with the same name are defined. Please consider rewriting code in ../../../../../Anlogic/HX4S20_Contest_2025_7_29/lab_ex_2025_7_12_nosoft/HXEG420_lab_ex/lab_ex_4_tf_sdram_etnernet_pc/UDP_EG4_6.2/prj/UDP_EXAMPLE/al_ip/TEMAC_CORE/RTL/TEMAC_CORE_aead6cd6dadd.v(8830)
HDL-7201 CRITICAL-WARNING: overwrite current ** '**' in import/TEMAC_CORE_aead6cd6dadd.v(8904)
HDL-7307 CRITICAL-WARNING: previous definition of design element ** '**' is here. This is because multiple modules(values) with the same name are defined. Please consider rewriting code in ../../../../../Anlogic/HX4S20_Contest_2025_7_29/lab_ex_2025_7_12_nosoft/HXEG420_lab_ex/lab_ex_4_tf_sdram_etnernet_pc/UDP_EG4_6.2/prj/UDP_EXAMPLE/al_ip/TEMAC_CORE/RTL/TEMAC_CORE_aead6cd6dadd.v(8904)
HDL-7201 CRITICAL-WARNING: overwrite current ** '**' in import/TEMAC_CORE_aead6cd6dadd.v(8971)
HDL-7307 CRITICAL-WARNING: previous definition of design element ** '**' is here. This is because multiple modules(values) with the same name are defined. Please consider rewriting code in ../../../../../Anlogic/HX4S20_Contest_2025_7_29/lab_ex_2025_7_12_nosoft/HXEG420_lab_ex/lab_ex_4_tf_sdram_etnernet_pc/UDP_EG4_6.2/prj/UDP_EXAMPLE/al_ip/TEMAC_CORE/RTL/TEMAC_CORE_aead6cd6dadd.v(8971)
HDL-7201 CRITICAL-WARNING: overwrite current ** '**' in import/TEMAC_CORE_aead6cd6dadd.v(9050)
HDL-7307 CRITICAL-WARNING: previous definition of design element ** '**' is here. This is because multiple modules(values) with the same name are defined. Please consider rewriting code in ../../../../../Anlogic/HX4S20_Contest_2025_7_29/lab_ex_2025_7_12_nosoft/HXEG420_lab_ex/lab_ex_4_tf_sdram_etnernet_pc/UDP_EG4_6.2/prj/UDP_EXAMPLE/al_ip/TEMAC_CORE/RTL/TEMAC_CORE_aead6cd6dadd.v(9050)
HDL-7201 CRITICAL-WARNING: overwrite current ** '**' in import/TEMAC_CORE_aead6cd6dadd.v(9306)
HDL-7307 CRITICAL-WARNING: previous definition of design element ** '**' is here. This is because multiple modules(values) with the same name are defined. Please consider rewriting code in ../../../../../Anlogic/HX4S20_Contest_2025_7_29/lab_ex_2025_7_12_nosoft/HXEG420_lab_ex/lab_ex_4_tf_sdram_etnernet_pc/UDP_EG4_6.2/prj/UDP_EXAMPLE/al_ip/TEMAC_CORE/RTL/TEMAC_CORE_aead6cd6dadd.v(9306)
HDL-1007 : back to file 'import/TEMAC_CORE_aead6cd6dadd.v' in import/TEMAC_CORE_aead6cd6dadd.v(260)
HDL-1007 : analyze verilog file import/TEMAC_CORE.v
HDL-7201 CRITICAL-WARNING: overwrite current module 'TEMAC_CORE' in import/TEMAC_CORE.v(9)
HDL-7307 CRITICAL-WARNING: previous definition of design element module 'TEMAC_CORE' is here. This is because multiple modules(values) with the same name are defined. Please consider rewriting code in ../../../../../Anlogic/HX4S20_Contest_2025_7_29/lab_ex_2025_7_12_nosoft/HXEG420_lab_ex/lab_ex_4_tf_sdram_etnernet_pc/UDP_EG4_6.2/prj/UDP_EXAMPLE/al_ip/TEMAC_CORE/TEMAC_CORE.v(9)
HDL-1007 : analyze verilog file import/pll_gen.v
HDL-1007 : undeclared symbol 'pll_gen_open0', assumed default net type 'wire' in import/pll_gen.v(99)
HDL-1007 : undeclared symbol 'pll_gen_open8', assumed default net type 'wire' in import/pll_gen.v(105)
HDL-1007 : undeclared symbol 'pll_gen_open7', assumed default net type 'wire' in import/pll_gen.v(105)
HDL-1007 : undeclared symbol 'pll_gen_open6', assumed default net type 'wire' in import/pll_gen.v(105)
HDL-1007 : undeclared symbol 'pll_gen_open5', assumed default net type 'wire' in import/pll_gen.v(105)
HDL-1007 : undeclared symbol 'pll_gen_open4', assumed default net type 'wire' in import/pll_gen.v(105)
HDL-1007 : undeclared symbol 'pll_gen_open3', assumed default net type 'wire' in import/pll_gen.v(105)
HDL-1007 : undeclared symbol 'pll_gen_open2', assumed default net type 'wire' in import/pll_gen.v(105)
HDL-1007 : undeclared symbol 'pll_gen_open1', assumed default net type 'wire' in import/pll_gen.v(105)
HDL-7201 CRITICAL-WARNING: overwrite current module 'pll_gen' in import/pll_gen.v(26)
HDL-7307 CRITICAL-WARNING: previous definition of design element module 'pll_gen' is here. This is because multiple modules(values) with the same name are defined. Please consider rewriting code in ../../../../../Anlogic/HX4S20_Contest_2025_7_29/lab_ex_2025_7_12_nosoft/HXEG420_lab_ex/lab_ex_4_tf_sdram_etnernet_pc/UDP_EG4_6.2/prj/UDP_EXAMPLE/al_ip/pll_gen.v(26)
HDL-1007 : analyze verilog file import/rx_pll.v
HDL-1007 : undeclared symbol 'open', assumed default net type 'wire' in import/rx_pll.v(78)
HDL-7201 CRITICAL-WARNING: overwrite current module 'rx_pll' in import/rx_pll.v(24)
HDL-7307 CRITICAL-WARNING: previous definition of design element module 'rx_pll' is here. This is because multiple modules(values) with the same name are defined. Please consider rewriting code in ../../../../../Anlogic/HX4S20_Contest_2025_7_29/lab_ex_2025_7_12_nosoft/HXEG420_lab_ex/lab_ex_4_tf_sdram_etnernet_pc/UDP_EG4_6.2/prj/UDP_EXAMPLE/al_ip/rx_pll.v(24)
HDL-1007 : analyze verilog file import/afifo_16_32_256.v
HDL-7201 CRITICAL-WARNING: overwrite current module 'wfifo_32_32_512' in import/afifo_16_32_256.v(13)
HDL-7307 CRITICAL-WARNING: previous definition of design element module 'wfifo_32_32_512' is here. This is because multiple modules(values) with the same name are defined. Please consider rewriting code in ../../../../../Anlogic/HX4S20_Contest_2025_7_29/lab_ex_2025_7_12_nosoft/HXEG420_lab_ex/lab_ex_5_HX4S20_OV5640/al_ip/afifo_16_32_256.v(13)
HDL-7201 CRITICAL-WARNING: overwrite current module 'fifo_cross_domain_addr_process_al_wfifo_32_32_512' in import/afifo_16_32_256.v(250)
HDL-7307 CRITICAL-WARNING: previous definition of design element module 'fifo_cross_domain_addr_process_al_wfifo_32_32_512' is here. This is because multiple modules(values) with the same name are defined. Please consider rewriting code in ../../../../../Anlogic/HX4S20_Contest_2025_7_29/lab_ex_2025_7_12_nosoft/HXEG420_lab_ex/lab_ex_5_HX4S20_OV5640/al_ip/afifo_16_32_256.v(250)
HDL-7201 CRITICAL-WARNING: overwrite current module 'ram_infer_wfifo_32_32_512' in import/afifo_16_32_256.v(333)
HDL-7307 CRITICAL-WARNING: previous definition of design element module 'ram_infer_wfifo_32_32_512' is here. This is because multiple modules(values) with the same name are defined. Please consider rewriting code in ../../../../../Anlogic/HX4S20_Contest_2025_7_29/lab_ex_2025_7_12_nosoft/HXEG420_lab_ex/lab_ex_5_HX4S20_OV5640/al_ip/afifo_16_32_256.v(333)
HDL-1007 : analyze verilog file import/afifo_32_16_256.v
HDL-7201 CRITICAL-WARNING: overwrite current module 'rfifo_32_32_512' in import/afifo_32_16_256.v(13)
HDL-7307 CRITICAL-WARNING: previous definition of design element module 'rfifo_32_32_512' is here. This is because multiple modules(values) with the same name are defined. Please consider rewriting code in ../../../../../Anlogic/HX4S20_Contest_2025_7_29/lab_ex_2025_7_12_nosoft/HXEG420_lab_ex/lab_ex_5_HX4S20_OV5640/al_ip/afifo_32_16_256.v(13)
HDL-7201 CRITICAL-WARNING: overwrite current module 'fifo_cross_domain_addr_process_al_rfifo_32_32_512' in import/afifo_32_16_256.v(250)
HDL-7307 CRITICAL-WARNING: previous definition of design element module 'fifo_cross_domain_addr_process_al_rfifo_32_32_512' is here. This is because multiple modules(values) with the same name are defined. Please consider rewriting code in ../../../../../Anlogic/HX4S20_Contest_2025_7_29/lab_ex_2025_7_12_nosoft/HXEG420_lab_ex/lab_ex_5_HX4S20_OV5640/al_ip/afifo_32_16_256.v(250)
HDL-7201 CRITICAL-WARNING: overwrite current module 'ram_infer_rfifo_32_32_512' in import/afifo_32_16_256.v(333)
HDL-7307 CRITICAL-WARNING: previous definition of design element module 'ram_infer_rfifo_32_32_512' is here. This is because multiple modules(values) with the same name are defined. Please consider rewriting code in ../../../../../Anlogic/HX4S20_Contest_2025_7_29/lab_ex_2025_7_12_nosoft/HXEG420_lab_ex/lab_ex_5_HX4S20_OV5640/al_ip/afifo_32_16_256.v(333)
HDL-1007 : analyze verilog file import/video_pll.v
HDL-1007 : undeclared symbol 'open', assumed default net type 'wire' in import/video_pll.v(70)
HDL-7201 CRITICAL-WARNING: overwrite current module 'video_pll' in import/video_pll.v(23)
HDL-7307 CRITICAL-WARNING: previous definition of design element module 'video_pll' is here. This is because multiple modules(values) with the same name are defined. Please consider rewriting code in ../../../../../Anlogic/HX4S20_Contest_2025_7_29/lab_ex_2025_7_12_nosoft/HXEG420_lab_ex/lab_ex_5_HX4S20_OV5640/al_ip/video_pll.v(23)
HDL-1007 : analyze verilog file import/sys_pll.v
HDL-1007 : undeclared symbol 'open', assumed default net type 'wire' in import/sys_pll.v(77)
HDL-7201 CRITICAL-WARNING: overwrite current module 'sys_pll' in import/sys_pll.v(24)
HDL-7307 CRITICAL-WARNING: previous definition of design element module 'sys_pll' is here. This is because multiple modules(values) with the same name are defined. Please consider rewriting code in ../../../../../Anlogic/HX4S20_Contest_2025_7_29/lab_ex_2025_7_12_nosoft/HXEG420_lab_ex/lab_ex_6_tf_sdram_hdmi/al_ip/sys_pll.v(24)
HDL-1007 : analyze verilog file import/sd_card_bmp.v
HDL-1007 : analyze verilog file import/seg_decoder.v
HDL-1007 : analyze verilog file import/seg_scan.v
HDL-1007 : analyze verilog file import/ax_debounce.v
HDL-1007 : analyze verilog file import/bmp_read.v
HDL-1007 : analyze verilog file import/top_integrated.v
PRJ-1412 : reset_run syn_1 phy_1.
PRJ-1409 : launch_runs syn_1 phy_1  -jobs 6.
PRJ-1410 : Run syn_1 success.
PRJ-1410 : Run phy_1 success.
RUN-1002 : start command "save_best_bits"
PRJ-1424 : The implemented result of phy_1 is saved as best result.
RUN-1002 : start command "import_db C:/Users/xvhao/Desktop/prj/q3v3 _source/q4_Runs/phy_1/q4_pr.db"
RUN-1001 : Importing database generated by Tang Dynasty, V6.2.168116.
RUN-1001 : Database version number 46207
RUN-1001 : Import flow parameters
RUN-1001 : Import netlist
PHY-1001 : Generate detailed routing grids ...
PHY-1001 : End build routing graph; 1.648197s wall, 1.250000s user + 0.500000s system = 1.750000s CPU (106.2%)

PHY-1001 : Build lut bridge;  0.220206s wall, 0.203125s user + 0.046875s system = 0.250000s CPU (113.5%)

PHY-1001 : Generate nets ...
PHY-1001 : net clk_dup_1 will be routed on clock mesh
PHY-1001 : net phy1_rgmii_rx_clk_dup_1 will be routed on clock mesh
PHY-1001 : net U3/u2_ram/SDRAM_CLK will be routed on clock mesh
PHY-1001 : clock net u_ov5640_dri/u_i2c_dr/dri_clk_syn_4 will be merged with clock u_ov5640_dri/u_i2c_dr/dri_clk
PHY-1001 : clock net frame_read_write_m0/write_clk_syn_4 will be merged with clock frame_read_write_m0/write_clk
PHY-1001 : clock net cam_pclk_syn_4 will be merged with clock cam_pclk_dup_1
PHY-1001 : net frame_read_write_m0/read_buf/clkw will be routed on clock mesh
PHY-1001 : clock net sd_card_bmp_m0/bmp_read_m0/clk will be merged with clock sys_pll_m0/clk0_buf
PHY-1001 : clock net u_rx_pll/clk0_out will be merged with clock u_rx_pll/clk0_buf
PHY-1001 : clock net u_clk_gen/u_pll_0/clk0_out will be merged with clock u_clk_gen/u_pll_0/clk0_buf
PHY-1001 : net u4_trimac_block/u1_rgmii_interface/rgmii_txc_ddr/clk will be routed on clock mesh
PHY-1001 : net u4_trimac_block/gtx_clk will be routed on clock mesh
PHY-1001 : clock net u4_trimac_block/rx_clk will be merged with clock u4_trimac_block/u1_rgmii_interface/rgmii_rxc
PHY-1001 : eco open net = 0
PHY-1001 : 180 feed throughs used by 132 nets
RUN-1001 : Import phy database
RUN-1001 : Import timing constraints
RUN-1001 : Import IO constraints
RUN-1001 : Import Inst constraints
RUN-1001 : Import ChipWatcher
RUN-1001 : Import design success TD_VERSION=6.2.168116 , DB_VERSION=46207
RUN-1003 : finish command "import_db C:/Users/xvhao/Desktop/prj/q3v3 _source/q4_Runs/phy_1/q4_pr.db" in  8.685673s wall, 7.125000s user + 2.406250s system = 9.531250s CPU (109.7%)

RUN-1004 : used memory is 717 MB, reserved memory is 757 MB, peak memory is 811 MB
PRJ-1412 : reset_run syn_1 phy_1.
PRJ-1409 : launch_runs syn_1 phy_1  -jobs 6.
PRJ-1410 : Run syn_1 success.
PRJ-1410 : Run phy_1 success.
RUN-1002 : start command "save_best_bits"
PRJ-1424 : The implemented result of phy_1 is saved as best result.
RUN-1002 : start command "import_db C:/Users/xvhao/Desktop/prj/q3v3 _source/q4_Runs/phy_1/q4_pr.db"
RUN-1001 : Importing database generated by Tang Dynasty, V6.2.168116.
RUN-1001 : Database version number 46207
RUN-1001 : Import flow parameters
RUN-1001 : Import netlist
PHY-1001 : Generate detailed routing grids ...
PHY-1001 : End build routing graph; 1.690501s wall, 1.343750s user + 0.281250s system = 1.625000s CPU (96.1%)

PHY-1001 : Build lut bridge;  0.226935s wall, 0.218750s user + 0.046875s system = 0.265625s CPU (117.0%)

PHY-1001 : Generate nets ...
PHY-1001 : net clk_dup_1 will be routed on clock mesh
PHY-1001 : net phy1_rgmii_rx_clk_dup_1 will be routed on clock mesh
PHY-1001 : net U3/u2_ram/SDRAM_CLK will be routed on clock mesh
PHY-1001 : clock net u_ov5640_dri/u_i2c_dr/dri_clk_syn_4 will be merged with clock u_ov5640_dri/u_i2c_dr/dri_clk
PHY-1001 : clock net frame_read_write_m0/write_clk_syn_4 will be merged with clock frame_read_write_m0/write_clk
PHY-1001 : clock net cam_pclk_syn_4 will be merged with clock cam_pclk_dup_1
PHY-1001 : net frame_read_write_m0/read_buf/clkw will be routed on clock mesh
PHY-1001 : clock net sd_card_bmp_m0/bmp_read_m0/clk will be merged with clock sys_pll_m0/clk0_buf
PHY-1001 : clock net u_rx_pll/clk0_out will be merged with clock u_rx_pll/clk0_buf
PHY-1001 : clock net u_clk_gen/u_pll_0/clk0_out will be merged with clock u_clk_gen/u_pll_0/clk0_buf
PHY-1001 : net u4_trimac_block/u1_rgmii_interface/rgmii_txc_ddr/clk will be routed on clock mesh
PHY-1001 : net u4_trimac_block/gtx_clk will be routed on clock mesh
PHY-1001 : clock net u4_trimac_block/rx_clk will be merged with clock u4_trimac_block/u1_rgmii_interface/rgmii_rxc
PHY-1001 : eco open net = 0
PHY-1001 : 180 feed throughs used by 132 nets
RUN-1001 : Import phy database
RUN-1001 : Import timing constraints
RUN-1001 : Import IO constraints
RUN-1001 : Import Inst constraints
RUN-1001 : Import ChipWatcher
RUN-1001 : Import design success TD_VERSION=6.2.168116 , DB_VERSION=46207
RUN-1003 : finish command "import_db C:/Users/xvhao/Desktop/prj/q3v3 _source/q4_Runs/phy_1/q4_pr.db" in  7.333570s wall, 6.171875s user + 1.437500s system = 7.609375s CPU (103.8%)

RUN-1004 : used memory is 719 MB, reserved memory is 762 MB, peak memory is 811 MB
RUN-1002 : start command "commit_param -step design"
RUN-1001 : Print Global Property
RUN-1001 : --------------------------------------------------------
RUN-1001 :   Parameters   |  Settings  |  Default Values  |  Note  
RUN-1001 : --------------------------------------------------------
RUN-1001 :   enable_seed  |    off     |       off        |        
RUN-1001 :     message    |  standard  |     standard     |        
RUN-1001 :   qor_monitor  |     on     |        on        |        
RUN-1001 :   syn_ip_flow  |    off     |       off        |        
RUN-1001 :     thread     |    auto    |       auto       |        
RUN-1001 : --------------------------------------------------------
RUN-1001 : Print Design Property
RUN-1001 : ----------------------------------------------------------------
RUN-1001 :       Parameters       |  Settings  |  Default Values  |  Note  
RUN-1001 : ----------------------------------------------------------------
RUN-1001 :   default_reg_initial  |    auto    |       auto       |        
RUN-1001 :    hdl_warning_level   |   normal   |      normal      |        
RUN-1001 : ----------------------------------------------------------------
HDL-1007 : analyze verilog file src/video_define.v
HDL-1007 : analyze verilog file src/sdram_r/sdram_para.v
HDL-1007 : analyze verilog file src/sdram/enc_file/global_def.v
HDL-1007 : analyze verilog file ../../../../../Anlogic/HX4S20_Contest_2025_7_29/lab_ex_2025_7_12_nosoft/HXEG420_lab_ex/lab_ex_4_tf_sdram_etnernet_pc/UDP_EG4_6.2/prj/UDP_EXAMPLE/al_ip/TEMAC_CORE/RTL/mac_core_aead6cd6dadd.v
HDL-1007 : analyze verilog file ../../../../../Anlogic/HX4S20_Contest_2025_7_29/lab_ex_2025_7_12_nosoft/HXEG420_lab_ex/lab_ex_4_tf_sdram_etnernet_pc/UDP_EG4_6.2/prj/UDP_EXAMPLE/al_ip/TEMAC_CORE/RTL/TEMAC_CORE_aead6cd6dadd.v
HDL-5007 WARNING: column 1032 exceeds maximum value 1023 in ../../../../../Anlogic/HX4S20_Contest_2025_7_29/lab_ex_2025_7_12_nosoft/HXEG420_lab_ex/lab_ex_4_tf_sdram_etnernet_pc/UDP_EG4_6.2/prj/UDP_EXAMPLE/al_ip/TEMAC_CORE/RTL/TEMAC_CORE_aead6cd6dadd.v(30)
HDL-1007 : back to file '../../../../../Anlogic/HX4S20_Contest_2025_7_29/lab_ex_2025_7_12_nosoft/HXEG420_lab_ex/lab_ex_4_tf_sdram_etnernet_pc/UDP_EG4_6.2/prj/UDP_EXAMPLE/al_ip/TEMAC_CORE/RTL/TEMAC_CORE_aead6cd6dadd.v' in ../../../../../Anlogic/HX4S20_Contest_2025_7_29/lab_ex_2025_7_12_nosoft/HXEG420_lab_ex/lab_ex_4_tf_sdram_etnernet_pc/UDP_EG4_6.2/prj/UDP_EXAMPLE/al_ip/TEMAC_CORE/RTL/TEMAC_CORE_aead6cd6dadd.v(86)
HDL-5007 WARNING: event expressions must result in a singular type in ../../../../../Anlogic/HX4S20_Contest_2025_7_29/lab_ex_2025_7_12_nosoft/HXEG420_lab_ex/lab_ex_4_tf_sdram_etnernet_pc/UDP_EG4_6.2/prj/UDP_EXAMPLE/al_ip/TEMAC_CORE/RTL/TEMAC_CORE_aead6cd6dadd.v(3001)
HDL-1007 : undeclared symbol '**', assumed default net type '**' in ../../../../../Anlogic/HX4S20_Contest_2025_7_29/lab_ex_2025_7_12_nosoft/HXEG420_lab_ex/lab_ex_4_tf_sdram_etnernet_pc/UDP_EG4_6.2/prj/UDP_EXAMPLE/al_ip/TEMAC_CORE/RTL/TEMAC_CORE_aead6cd6dadd.v(5050)
HDL-1007 : undeclared symbol '**', assumed default net type '**' in ../../../../../Anlogic/HX4S20_Contest_2025_7_29/lab_ex_2025_7_12_nosoft/HXEG420_lab_ex/lab_ex_4_tf_sdram_etnernet_pc/UDP_EG4_6.2/prj/UDP_EXAMPLE/al_ip/TEMAC_CORE/RTL/TEMAC_CORE_aead6cd6dadd.v(5458)
HDL-5007 WARNING: column 1035 exceeds maximum value 1023 in ../../../../../Anlogic/HX4S20_Contest_2025_7_29/lab_ex_2025_7_12_nosoft/HXEG420_lab_ex/lab_ex_4_tf_sdram_etnernet_pc/UDP_EG4_6.2/prj/UDP_EXAMPLE/al_ip/TEMAC_CORE/RTL/TEMAC_CORE_aead6cd6dadd.v(6001)
HDL-1007 : back to file '../../../../../Anlogic/HX4S20_Contest_2025_7_29/lab_ex_2025_7_12_nosoft/HXEG420_lab_ex/lab_ex_4_tf_sdram_etnernet_pc/UDP_EG4_6.2/prj/UDP_EXAMPLE/al_ip/TEMAC_CORE/RTL/TEMAC_CORE_aead6cd6dadd.v' in ../../../../../Anlogic/HX4S20_Contest_2025_7_29/lab_ex_2025_7_12_nosoft/HXEG420_lab_ex/lab_ex_4_tf_sdram_etnernet_pc/UDP_EG4_6.2/prj/UDP_EXAMPLE/al_ip/TEMAC_CORE/RTL/TEMAC_CORE_aead6cd6dadd.v(260)
HDL-1007 : analyze verilog file ../../../../../Anlogic/HX4S20_Contest_2025_7_29/lab_ex_2025_7_12_nosoft/HXEG420_lab_ex/lab_ex_4_tf_sdram_etnernet_pc/UDP_EG4_6.2/prj/UDP_EXAMPLE/al_ip/TEMAC_CORE/TEMAC_CORE.v
HDL-1007 : analyze verilog file ../../../../../Anlogic/HX4S20_Contest_2025_7_29/lab_ex_2025_7_12_nosoft/HXEG420_lab_ex/lab_ex_4_tf_sdram_etnernet_pc/UDP_EG4_6.2/prj/UDP_EXAMPLE/al_ip/pll_gen.v
HDL-1007 : undeclared symbol 'pll_gen_open0', assumed default net type 'wire' in ../../../../../Anlogic/HX4S20_Contest_2025_7_29/lab_ex_2025_7_12_nosoft/HXEG420_lab_ex/lab_ex_4_tf_sdram_etnernet_pc/UDP_EG4_6.2/prj/UDP_EXAMPLE/al_ip/pll_gen.v(99)
HDL-1007 : undeclared symbol 'pll_gen_open8', assumed default net type 'wire' in ../../../../../Anlogic/HX4S20_Contest_2025_7_29/lab_ex_2025_7_12_nosoft/HXEG420_lab_ex/lab_ex_4_tf_sdram_etnernet_pc/UDP_EG4_6.2/prj/UDP_EXAMPLE/al_ip/pll_gen.v(105)
HDL-1007 : undeclared symbol 'pll_gen_open7', assumed default net type 'wire' in ../../../../../Anlogic/HX4S20_Contest_2025_7_29/lab_ex_2025_7_12_nosoft/HXEG420_lab_ex/lab_ex_4_tf_sdram_etnernet_pc/UDP_EG4_6.2/prj/UDP_EXAMPLE/al_ip/pll_gen.v(105)
HDL-1007 : undeclared symbol 'pll_gen_open6', assumed default net type 'wire' in ../../../../../Anlogic/HX4S20_Contest_2025_7_29/lab_ex_2025_7_12_nosoft/HXEG420_lab_ex/lab_ex_4_tf_sdram_etnernet_pc/UDP_EG4_6.2/prj/UDP_EXAMPLE/al_ip/pll_gen.v(105)
HDL-1007 : undeclared symbol 'pll_gen_open5', assumed default net type 'wire' in ../../../../../Anlogic/HX4S20_Contest_2025_7_29/lab_ex_2025_7_12_nosoft/HXEG420_lab_ex/lab_ex_4_tf_sdram_etnernet_pc/UDP_EG4_6.2/prj/UDP_EXAMPLE/al_ip/pll_gen.v(105)
HDL-1007 : undeclared symbol 'pll_gen_open4', assumed default net type 'wire' in ../../../../../Anlogic/HX4S20_Contest_2025_7_29/lab_ex_2025_7_12_nosoft/HXEG420_lab_ex/lab_ex_4_tf_sdram_etnernet_pc/UDP_EG4_6.2/prj/UDP_EXAMPLE/al_ip/pll_gen.v(105)
HDL-1007 : undeclared symbol 'pll_gen_open3', assumed default net type 'wire' in ../../../../../Anlogic/HX4S20_Contest_2025_7_29/lab_ex_2025_7_12_nosoft/HXEG420_lab_ex/lab_ex_4_tf_sdram_etnernet_pc/UDP_EG4_6.2/prj/UDP_EXAMPLE/al_ip/pll_gen.v(105)
HDL-1007 : undeclared symbol 'pll_gen_open2', assumed default net type 'wire' in ../../../../../Anlogic/HX4S20_Contest_2025_7_29/lab_ex_2025_7_12_nosoft/HXEG420_lab_ex/lab_ex_4_tf_sdram_etnernet_pc/UDP_EG4_6.2/prj/UDP_EXAMPLE/al_ip/pll_gen.v(105)
HDL-1007 : undeclared symbol 'pll_gen_open1', assumed default net type 'wire' in ../../../../../Anlogic/HX4S20_Contest_2025_7_29/lab_ex_2025_7_12_nosoft/HXEG420_lab_ex/lab_ex_4_tf_sdram_etnernet_pc/UDP_EG4_6.2/prj/UDP_EXAMPLE/al_ip/pll_gen.v(105)
HDL-1007 : analyze verilog file ../../../../../Anlogic/HX4S20_Contest_2025_7_29/lab_ex_2025_7_12_nosoft/HXEG420_lab_ex/lab_ex_4_tf_sdram_etnernet_pc/UDP_EG4_6.2/prj/UDP_EXAMPLE/al_ip/rx_pll.v
HDL-1007 : undeclared symbol 'open', assumed default net type 'wire' in ../../../../../Anlogic/HX4S20_Contest_2025_7_29/lab_ex_2025_7_12_nosoft/HXEG420_lab_ex/lab_ex_4_tf_sdram_etnernet_pc/UDP_EG4_6.2/prj/UDP_EXAMPLE/al_ip/rx_pll.v(78)
HDL-1007 : analyze verilog file ../../../../../Anlogic/HX4S20_Contest_2025_7_29/lab_ex_2025_7_12_nosoft/HXEG420_lab_ex/lab_ex_5_HX4S20_OV5640/al_ip/afifo_16_32_256.v
HDL-1007 : analyze verilog file ../../../../../Anlogic/HX4S20_Contest_2025_7_29/lab_ex_2025_7_12_nosoft/HXEG420_lab_ex/lab_ex_5_HX4S20_OV5640/al_ip/afifo_32_16_256.v
HDL-1007 : analyze verilog file ../../../../../Anlogic/HX4S20_Contest_2025_7_29/lab_ex_2025_7_12_nosoft/HXEG420_lab_ex/lab_ex_5_HX4S20_OV5640/al_ip/video_pll.v
HDL-1007 : undeclared symbol 'open', assumed default net type 'wire' in ../../../../../Anlogic/HX4S20_Contest_2025_7_29/lab_ex_2025_7_12_nosoft/HXEG420_lab_ex/lab_ex_5_HX4S20_OV5640/al_ip/video_pll.v(70)
HDL-1007 : analyze verilog file ../../../../../Anlogic/HX4S20_Contest_2025_7_29/lab_ex_2025_7_12_nosoft/HXEG420_lab_ex/lab_ex_6_tf_sdram_hdmi/al_ip/sys_pll.v
HDL-1007 : undeclared symbol 'open', assumed default net type 'wire' in ../../../../../Anlogic/HX4S20_Contest_2025_7_29/lab_ex_2025_7_12_nosoft/HXEG420_lab_ex/lab_ex_6_tf_sdram_hdmi/al_ip/sys_pll.v(77)
HDL-1007 : analyze verilog file src/color_bar.v
HDL-1007 : analyze included file src/video_define.v in src/color_bar.v(2)
HDL-1007 : back to file 'src/color_bar.v' in src/color_bar.v(2)
HDL-1007 : analyze verilog file src/frame_fifo_read.v
HDL-1007 : analyze verilog file src/frame_fifo_write.v
HDL-1007 : analyze verilog file src/top.v
HDL-1007 : analyze verilog file src/video_timing_data.v
HDL-1007 : analyze verilog file src/sdram/enc_file/sdr_as_ram.enc.v
HDL-1007 : back to file 'src/sdram/enc_file/sdr_as_ram.enc.v' in src/sdram/enc_file/sdr_as_ram.enc.v(45)
HDL-1007 : analyze verilog file src/sdram/enc_file/sdr_wrrd.enc.v
HDL-5007 WARNING: concatenation with an unsized literal will be treated as 32 bits in src/sdram/enc_file/sdr_wrrd.enc.v(283)
HDL-1007 : back to file 'src/sdram/enc_file/sdr_wrrd.enc.v' in src/sdram/enc_file/sdr_wrrd.enc.v(19)
HDL-1007 : analyze verilog file src/sdram/sdram.v
HDL-1007 : analyze included file ./src/sdram/enc_file/global_def.v in src/sdram/sdram.v(10)
HDL-1007 : back to file 'src/sdram/sdram.v' in src/sdram/sdram.v(10)
HDL-1007 : undeclared symbol 'SDR_CKE', assumed default net type 'wire' in src/sdram/sdram.v(89)
HDL-1007 : analyze verilog file src/frame_read_write.v
HDL-1007 : analyze verilog file src/video_delay.v
HDL-1007 : analyze VHDL file src/hdmi/enc_file/DVITransmitter.enc.vhd
HDL-1007 : analyze entity dvitransmitter in src/hdmi/enc_file/DVITransmitter.enc.vhd(13)
HDL-1007 : analyze architecture ** in src/hdmi/enc_file/DVITransmitter.enc.vhd(2)
HDL-1007 : analyze VHDL file src/hdmi/enc_file/SerializerN_1_lvds.enc.vhd
HDL-1007 : analyze entity ** in src/hdmi/enc_file/SerializerN_1_lvds.enc.vhd(12)
HDL-1007 : analyze architecture ** in src/hdmi/enc_file/SerializerN_1_lvds.enc.vhd(25)
HDL-1007 : analyze VHDL file src/hdmi/enc_file/SerializerN_1_lvds_dat.enc.vhd
HDL-1007 : analyze entity ** in src/hdmi/enc_file/SerializerN_1_lvds_dat.enc.vhd(14)
HDL-1007 : analyze architecture ** in src/hdmi/enc_file/SerializerN_1_lvds_dat.enc.vhd(28)
HDL-1007 : analyze VHDL file src/hdmi/enc_file/TMDSEncoder.enc.vhd
HDL-1007 : analyze entity ** in src/hdmi/enc_file/TMDSEncoder.enc.vhd(13)
HDL-1007 : analyze architecture ** in src/hdmi/enc_file/TMDSEncoder.enc.vhd(24)
HDL-1007 : analyze verilog file src/hdmi/enc_file/video_tpg_1024768.enc.v
HDL-5007 WARNING: literal value ** truncated to fit in ** bits in src/hdmi/enc_file/video_tpg_1024768.enc.v(231)
HDL-1007 : back to file 'src/hdmi/enc_file/video_tpg_1024768.enc.v' in src/hdmi/enc_file/video_tpg_1024768.enc.v(1)
HDL-1007 : analyze verilog file src/hdmi/enc_file/video_tpg_1080p.enc.v
HDL-1007 : back to file 'src/hdmi/enc_file/video_tpg_1080p.enc.v' in src/hdmi/enc_file/video_tpg_1080p.enc.v(1)
HDL-1007 : analyze verilog file src/hdmi/enc_file/video_tpg_12801024p.enc.v
HDL-1007 : back to file 'src/hdmi/enc_file/video_tpg_12801024p.enc.v' in src/hdmi/enc_file/video_tpg_12801024p.enc.v(1)
HDL-1007 : analyze verilog file src/hdmi/enc_file/video_tpg_1280800.enc.v
HDL-5007 WARNING: literal value ** truncated to fit in ** bits in src/hdmi/enc_file/video_tpg_1280800.enc.v(233)
HDL-1007 : back to file 'src/hdmi/enc_file/video_tpg_1280800.enc.v' in src/hdmi/enc_file/video_tpg_1280800.enc.v(1)
HDL-1007 : analyze verilog file src/hdmi/enc_file/video_tpg_16801050p.enc.v
HDL-1007 : back to file 'src/hdmi/enc_file/video_tpg_16801050p.enc.v' in src/hdmi/enc_file/video_tpg_16801050p.enc.v(1)
HDL-1007 : analyze verilog file src/hdmi/enc_file/video_tpg_800600.enc.v
HDL-1007 : back to file 'src/hdmi/enc_file/video_tpg_800600.enc.v' in src/hdmi/enc_file/video_tpg_800600.enc.v(1)
HDL-1007 : analyze VHDL file src/hdmi/hdmi_tx.vhd
HDL-1007 : analyze entity hdmi_tx in src/hdmi/hdmi_tx.vhd(11)
HDL-1007 : analyze architecture behavioral in src/hdmi/hdmi_tx.vhd(33)
HDL-1007 : analyze verilog file src/sdram/enc_file/sdr_init_ref.enc.v
HDL-1007 : analyze included file ./src/sdram/enc_file/global_def.v in src/sdram/enc_file/sdr_init_ref.enc.v(11)
HDL-1007 : back to file 'src/sdram/enc_file/sdr_init_ref.enc.v' in src/sdram/enc_file/sdr_init_ref.enc.v(11)
HDL-1007 : undeclared symbol '**', assumed default net type '**' in src/sdram/enc_file/sdr_init_ref.enc.v(57)
HDL-1007 : back to file 'src/sdram/enc_file/sdr_init_ref.enc.v' in src/sdram/enc_file/sdr_init_ref.enc.v(149)
HDL-5007 WARNING: concatenation with an unsized literal will be treated as 32 bits in src/sdram/enc_file/sdr_init_ref.enc.v(47)
HDL-1007 : analyze verilog file src/ov5640/cmos_capture_data.v
HDL-1007 : analyze verilog file src/ov5640/i2c_dri.v
HDL-1007 : analyze verilog file src/ov5640/i2c_ov5640_rgb565_cfg.v
HDL-1007 : analyze verilog file src/ov5640/ov5640_dri.v
HDL-1007 : analyze verilog file src/ov5640/ov5640_delay.v
HDL-1007 : analyze verilog file import/udp_cam_ctrl.v
HDL-1007 : analyze verilog file import/clk_gen_rst_gen.v
HDL-1007 : analyze verilog file import/div_clk_gen.v
HDL-1007 : analyze verilog file import/IDDR.v
HDL-1007 : analyze verilog file import/ODDR.v
HDL-1007 : analyze verilog file import/RAMB16_S9_S9.v
HDL-1007 : undeclared symbol 'open', assumed default net type 'wire' in import/RAMB16_S9_S9.v(109)
HDL-1007 : analyze verilog file import/rgmii_interface.v
HDL-1007 : analyze verilog file import/rx_client_fifo.v
HDL-5370 WARNING: parameter 'WAIT_s' becomes localparam in 'rx_client_fifo' with formal parameter declaration list in import/rx_client_fifo.v(49)
HDL-5370 WARNING: parameter 'QUEUE1_s' becomes localparam in 'rx_client_fifo' with formal parameter declaration list in import/rx_client_fifo.v(50)
HDL-5370 WARNING: parameter 'QUEUE2_s' becomes localparam in 'rx_client_fifo' with formal parameter declaration list in import/rx_client_fifo.v(51)
HDL-5370 WARNING: parameter 'QUEUE3_s' becomes localparam in 'rx_client_fifo' with formal parameter declaration list in import/rx_client_fifo.v(52)
HDL-5370 WARNING: parameter 'QUEUE_SOF_s' becomes localparam in 'rx_client_fifo' with formal parameter declaration list in import/rx_client_fifo.v(53)
HDL-5370 WARNING: parameter 'SOF_s' becomes localparam in 'rx_client_fifo' with formal parameter declaration list in import/rx_client_fifo.v(54)
HDL-5370 WARNING: parameter 'DATA_s' becomes localparam in 'rx_client_fifo' with formal parameter declaration list in import/rx_client_fifo.v(55)
HDL-5370 WARNING: parameter 'EOF_s' becomes localparam in 'rx_client_fifo' with formal parameter declaration list in import/rx_client_fifo.v(56)
HDL-5370 WARNING: parameter 'IDLE_s' becomes localparam in 'rx_client_fifo' with formal parameter declaration list in import/rx_client_fifo.v(62)
HDL-5370 WARNING: parameter 'FRAME_s' becomes localparam in 'rx_client_fifo' with formal parameter declaration list in import/rx_client_fifo.v(63)
HDL-5370 Similar messages will be suppressed.
HDL-1007 : analyze verilog file import/temac_block.v
HDL-1007 : analyze verilog file import/temac_clk_gen.v
HDL-1007 : analyze verilog file import/tx_client_fifo.v
HDL-5370 WARNING: parameter 'IDLE_s' becomes localparam in 'tx_client_fifo' with formal parameter declaration list in import/tx_client_fifo.v(53)
HDL-5370 WARNING: parameter 'QUEUE1_s' becomes localparam in 'tx_client_fifo' with formal parameter declaration list in import/tx_client_fifo.v(54)
HDL-5370 WARNING: parameter 'QUEUE2_s' becomes localparam in 'tx_client_fifo' with formal parameter declaration list in import/tx_client_fifo.v(55)
HDL-5370 WARNING: parameter 'QUEUE3_s' becomes localparam in 'tx_client_fifo' with formal parameter declaration list in import/tx_client_fifo.v(56)
HDL-5370 WARNING: parameter 'QUEUE_ACK_s' becomes localparam in 'tx_client_fifo' with formal parameter declaration list in import/tx_client_fifo.v(57)
HDL-5370 WARNING: parameter 'WAIT_ACK_s' becomes localparam in 'tx_client_fifo' with formal parameter declaration list in import/tx_client_fifo.v(58)
HDL-5370 WARNING: parameter 'FRAME_s' becomes localparam in 'tx_client_fifo' with formal parameter declaration list in import/tx_client_fifo.v(59)
HDL-5370 WARNING: parameter 'DROP_s' becomes localparam in 'tx_client_fifo' with formal parameter declaration list in import/tx_client_fifo.v(60)
HDL-5370 WARNING: parameter 'RETRANSMIT_s' becomes localparam in 'tx_client_fifo' with formal parameter declaration list in import/tx_client_fifo.v(61)
HDL-5370 WARNING: parameter 'WAIT_s' becomes localparam in 'tx_client_fifo' with formal parameter declaration list in import/tx_client_fifo.v(67)
HDL-5370 Similar messages will be suppressed.
HDL-1007 : analyze verilog file import/tx_clk_en_gen.v
HDL-1007 : analyze verilog file import/udp_data_tpg.v
HDL-1007 : analyze verilog file import/udp_ip_protocol_stack_merge.enc.v
HDL-1007 : back to file 'import/udp_ip_protocol_stack_merge.enc.v' in import/udp_ip_protocol_stack_merge.enc.v(56)
HDL-1007 : undeclared symbol '**', assumed default net type '**' in import/udp_ip_protocol_stack_merge.enc.v(2638)
HDL-1007 : back to file 'import/udp_ip_protocol_stack_merge.enc.v' in import/udp_ip_protocol_stack_merge.enc.v(420)
HDL-1007 : analyze verilog file import/udp_loopback.v
HDL-1007 : analyze verilog file import/sd_card_cmd.v
HDL-1007 : analyze verilog file import/sd_card_sec_read_write.v
HDL-1007 : analyze verilog file import/sd_card_top.v
HDL-1007 : analyze verilog file import/spi_master.v
HDL-1007 : analyze verilog file import/mac_core_aead6cd6dadd.v
HDL-7201 CRITICAL-WARNING: overwrite current module 'mac_core_aead6cd6dadd' in import/mac_core_aead6cd6dadd.v(14)
HDL-7307 CRITICAL-WARNING: previous definition of design element module 'mac_core_aead6cd6dadd' is here. This is because multiple modules(values) with the same name are defined. Please consider rewriting code in ../../../../../Anlogic/HX4S20_Contest_2025_7_29/lab_ex_2025_7_12_nosoft/HXEG420_lab_ex/lab_ex_4_tf_sdram_etnernet_pc/UDP_EG4_6.2/prj/UDP_EXAMPLE/al_ip/TEMAC_CORE/RTL/mac_core_aead6cd6dadd.v(14)
HDL-1007 : analyze verilog file import/TEMAC_CORE_aead6cd6dadd.v
HDL-5007 WARNING: column 1032 exceeds maximum value 1023 in import/TEMAC_CORE_aead6cd6dadd.v(30)
HDL-1007 : back to file 'import/TEMAC_CORE_aead6cd6dadd.v' in import/TEMAC_CORE_aead6cd6dadd.v(86)
HDL-7201 CRITICAL-WARNING: overwrite current module 'TEMAC_CORE_aead6cd6dadd' in import/TEMAC_CORE_aead6cd6dadd.v(1)
HDL-7307 CRITICAL-WARNING: previous definition of design element module 'TEMAC_CORE_aead6cd6dadd' is here. This is because multiple modules(values) with the same name are defined. Please consider rewriting code in ../../../../../Anlogic/HX4S20_Contest_2025_7_29/lab_ex_2025_7_12_nosoft/HXEG420_lab_ex/lab_ex_4_tf_sdram_etnernet_pc/UDP_EG4_6.2/prj/UDP_EXAMPLE/al_ip/TEMAC_CORE/RTL/TEMAC_CORE_aead6cd6dadd.v(1)
HDL-7201 CRITICAL-WARNING: overwrite current ** '**' in import/TEMAC_CORE_aead6cd6dadd.v(3)
HDL-7307 CRITICAL-WARNING: previous definition of design element ** '**' is here. This is because multiple modules(values) with the same name are defined. Please consider rewriting code in ../../../../../Anlogic/HX4S20_Contest_2025_7_29/lab_ex_2025_7_12_nosoft/HXEG420_lab_ex/lab_ex_4_tf_sdram_etnernet_pc/UDP_EG4_6.2/prj/UDP_EXAMPLE/al_ip/TEMAC_CORE/RTL/TEMAC_CORE_aead6cd6dadd.v(3)
HDL-7201 CRITICAL-WARNING: overwrite current ** '**' in import/TEMAC_CORE_aead6cd6dadd.v(186)
HDL-7307 CRITICAL-WARNING: previous definition of design element ** '**' is here. This is because multiple modules(values) with the same name are defined. Please consider rewriting code in ../../../../../Anlogic/HX4S20_Contest_2025_7_29/lab_ex_2025_7_12_nosoft/HXEG420_lab_ex/lab_ex_4_tf_sdram_etnernet_pc/UDP_EG4_6.2/prj/UDP_EXAMPLE/al_ip/TEMAC_CORE/RTL/TEMAC_CORE_aead6cd6dadd.v(186)
HDL-7201 CRITICAL-WARNING: overwrite current ** '**' in import/TEMAC_CORE_aead6cd6dadd.v(225)
HDL-7307 CRITICAL-WARNING: previous definition of design element ** '**' is here. This is because multiple modules(values) with the same name are defined. Please consider rewriting code in ../../../../../Anlogic/HX4S20_Contest_2025_7_29/lab_ex_2025_7_12_nosoft/HXEG420_lab_ex/lab_ex_4_tf_sdram_etnernet_pc/UDP_EG4_6.2/prj/UDP_EXAMPLE/al_ip/TEMAC_CORE/RTL/TEMAC_CORE_aead6cd6dadd.v(225)
HDL-7201 CRITICAL-WARNING: overwrite current ** '**' in import/TEMAC_CORE_aead6cd6dadd.v(253)
HDL-7307 CRITICAL-WARNING: previous definition of design element ** '**' is here. This is because multiple modules(values) with the same name are defined. Please consider rewriting code in ../../../../../Anlogic/HX4S20_Contest_2025_7_29/lab_ex_2025_7_12_nosoft/HXEG420_lab_ex/lab_ex_4_tf_sdram_etnernet_pc/UDP_EG4_6.2/prj/UDP_EXAMPLE/al_ip/TEMAC_CORE/RTL/TEMAC_CORE_aead6cd6dadd.v(253)
HDL-5007 WARNING: event expressions must result in a singular type in import/TEMAC_CORE_aead6cd6dadd.v(3001)
HDL-7201 CRITICAL-WARNING: overwrite current ** '**' in import/TEMAC_CORE_aead6cd6dadd.v(1251)
HDL-7307 CRITICAL-WARNING: previous definition of design element ** '**' is here. This is because multiple modules(values) with the same name are defined. Please consider rewriting code in ../../../../../Anlogic/HX4S20_Contest_2025_7_29/lab_ex_2025_7_12_nosoft/HXEG420_lab_ex/lab_ex_4_tf_sdram_etnernet_pc/UDP_EG4_6.2/prj/UDP_EXAMPLE/al_ip/TEMAC_CORE/RTL/TEMAC_CORE_aead6cd6dadd.v(1251)
HDL-7201 CRITICAL-WARNING: overwrite current ** '**' in import/TEMAC_CORE_aead6cd6dadd.v(3754)
HDL-7307 CRITICAL-WARNING: previous definition of design element ** '**' is here. This is because multiple modules(values) with the same name are defined. Please consider rewriting code in ../../../../../Anlogic/HX4S20_Contest_2025_7_29/lab_ex_2025_7_12_nosoft/HXEG420_lab_ex/lab_ex_4_tf_sdram_etnernet_pc/UDP_EG4_6.2/prj/UDP_EXAMPLE/al_ip/TEMAC_CORE/RTL/TEMAC_CORE_aead6cd6dadd.v(3754)
HDL-7201 CRITICAL-WARNING: overwrite current ** '**' in import/TEMAC_CORE_aead6cd6dadd.v(3808)
HDL-7307 CRITICAL-WARNING: previous definition of design element ** '**' is here. This is because multiple modules(values) with the same name are defined. Please consider rewriting code in ../../../../../Anlogic/HX4S20_Contest_2025_7_29/lab_ex_2025_7_12_nosoft/HXEG420_lab_ex/lab_ex_4_tf_sdram_etnernet_pc/UDP_EG4_6.2/prj/UDP_EXAMPLE/al_ip/TEMAC_CORE/RTL/TEMAC_CORE_aead6cd6dadd.v(3808)
HDL-7201 CRITICAL-WARNING: overwrite current ** '**' in import/TEMAC_CORE_aead6cd6dadd.v(3818)
HDL-7307 CRITICAL-WARNING: previous definition of design element ** '**' is here. This is because multiple modules(values) with the same name are defined. Please consider rewriting code in ../../../../../Anlogic/HX4S20_Contest_2025_7_29/lab_ex_2025_7_12_nosoft/HXEG420_lab_ex/lab_ex_4_tf_sdram_etnernet_pc/UDP_EG4_6.2/prj/UDP_EXAMPLE/al_ip/TEMAC_CORE/RTL/TEMAC_CORE_aead6cd6dadd.v(3818)
HDL-7201 CRITICAL-WARNING: overwrite current ** '**' in import/TEMAC_CORE_aead6cd6dadd.v(3829)
HDL-7307 CRITICAL-WARNING: previous definition of design element ** '**' is here. This is because multiple modules(values) with the same name are defined. Please consider rewriting code in ../../../../../Anlogic/HX4S20_Contest_2025_7_29/lab_ex_2025_7_12_nosoft/HXEG420_lab_ex/lab_ex_4_tf_sdram_etnernet_pc/UDP_EG4_6.2/prj/UDP_EXAMPLE/al_ip/TEMAC_CORE/RTL/TEMAC_CORE_aead6cd6dadd.v(3829)
HDL-7201 CRITICAL-WARNING: overwrite current ** '**' in import/TEMAC_CORE_aead6cd6dadd.v(3844)
HDL-7307 CRITICAL-WARNING: previous definition of design element ** '**' is here. This is because multiple modules(values) with the same name are defined. Please consider rewriting code in ../../../../../Anlogic/HX4S20_Contest_2025_7_29/lab_ex_2025_7_12_nosoft/HXEG420_lab_ex/lab_ex_4_tf_sdram_etnernet_pc/UDP_EG4_6.2/prj/UDP_EXAMPLE/al_ip/TEMAC_CORE/RTL/TEMAC_CORE_aead6cd6dadd.v(3844)
HDL-7201 CRITICAL-WARNING: overwrite current ** '**' in import/TEMAC_CORE_aead6cd6dadd.v(3865)
HDL-7307 CRITICAL-WARNING: previous definition of design element ** '**' is here. This is because multiple modules(values) with the same name are defined. Please consider rewriting code in ../../../../../Anlogic/HX4S20_Contest_2025_7_29/lab_ex_2025_7_12_nosoft/HXEG420_lab_ex/lab_ex_4_tf_sdram_etnernet_pc/UDP_EG4_6.2/prj/UDP_EXAMPLE/al_ip/TEMAC_CORE/RTL/TEMAC_CORE_aead6cd6dadd.v(3865)
HDL-7201 CRITICAL-WARNING: overwrite current ** '**' in import/TEMAC_CORE_aead6cd6dadd.v(3988)
HDL-7307 CRITICAL-WARNING: previous definition of design element ** '**' is here. This is because multiple modules(values) with the same name are defined. Please consider rewriting code in ../../../../../Anlogic/HX4S20_Contest_2025_7_29/lab_ex_2025_7_12_nosoft/HXEG420_lab_ex/lab_ex_4_tf_sdram_etnernet_pc/UDP_EG4_6.2/prj/UDP_EXAMPLE/al_ip/TEMAC_CORE/RTL/TEMAC_CORE_aead6cd6dadd.v(3988)
HDL-7201 CRITICAL-WARNING: overwrite current ** '**' in import/TEMAC_CORE_aead6cd6dadd.v(4055)
HDL-7307 CRITICAL-WARNING: previous definition of design element ** '**' is here. This is because multiple modules(values) with the same name are defined. Please consider rewriting code in ../../../../../Anlogic/HX4S20_Contest_2025_7_29/lab_ex_2025_7_12_nosoft/HXEG420_lab_ex/lab_ex_4_tf_sdram_etnernet_pc/UDP_EG4_6.2/prj/UDP_EXAMPLE/al_ip/TEMAC_CORE/RTL/TEMAC_CORE_aead6cd6dadd.v(4055)
HDL-7201 CRITICAL-WARNING: overwrite current ** '**' in import/TEMAC_CORE_aead6cd6dadd.v(4147)
HDL-7307 CRITICAL-WARNING: previous definition of design element ** '**' is here. This is because multiple modules(values) with the same name are defined. Please consider rewriting code in ../../../../../Anlogic/HX4S20_Contest_2025_7_29/lab_ex_2025_7_12_nosoft/HXEG420_lab_ex/lab_ex_4_tf_sdram_etnernet_pc/UDP_EG4_6.2/prj/UDP_EXAMPLE/al_ip/TEMAC_CORE/RTL/TEMAC_CORE_aead6cd6dadd.v(4147)
HDL-7201 CRITICAL-WARNING: overwrite current ** '**' in import/TEMAC_CORE_aead6cd6dadd.v(4209)
HDL-7307 CRITICAL-WARNING: previous definition of design element ** '**' is here. This is because multiple modules(values) with the same name are defined. Please consider rewriting code in ../../../../../Anlogic/HX4S20_Contest_2025_7_29/lab_ex_2025_7_12_nosoft/HXEG420_lab_ex/lab_ex_4_tf_sdram_etnernet_pc/UDP_EG4_6.2/prj/UDP_EXAMPLE/al_ip/TEMAC_CORE/RTL/TEMAC_CORE_aead6cd6dadd.v(4209)
HDL-7201 CRITICAL-WARNING: overwrite current ** '**' in import/TEMAC_CORE_aead6cd6dadd.v(4444)
HDL-7307 CRITICAL-WARNING: previous definition of design element ** '**' is here. This is because multiple modules(values) with the same name are defined. Please consider rewriting code in ../../../../../Anlogic/HX4S20_Contest_2025_7_29/lab_ex_2025_7_12_nosoft/HXEG420_lab_ex/lab_ex_4_tf_sdram_etnernet_pc/UDP_EG4_6.2/prj/UDP_EXAMPLE/al_ip/TEMAC_CORE/RTL/TEMAC_CORE_aead6cd6dadd.v(4444)
HDL-7201 CRITICAL-WARNING: overwrite current ** '**' in import/TEMAC_CORE_aead6cd6dadd.v(4813)
HDL-7307 CRITICAL-WARNING: previous definition of design element ** '**' is here. This is because multiple modules(values) with the same name are defined. Please consider rewriting code in ../../../../../Anlogic/HX4S20_Contest_2025_7_29/lab_ex_2025_7_12_nosoft/HXEG420_lab_ex/lab_ex_4_tf_sdram_etnernet_pc/UDP_EG4_6.2/prj/UDP_EXAMPLE/al_ip/TEMAC_CORE/RTL/TEMAC_CORE_aead6cd6dadd.v(4813)
HDL-7201 CRITICAL-WARNING: overwrite current ** '**' in import/TEMAC_CORE_aead6cd6dadd.v(4868)
HDL-7307 CRITICAL-WARNING: previous definition of design element ** '**' is here. This is because multiple modules(values) with the same name are defined. Please consider rewriting code in ../../../../../Anlogic/HX4S20_Contest_2025_7_29/lab_ex_2025_7_12_nosoft/HXEG420_lab_ex/lab_ex_4_tf_sdram_etnernet_pc/UDP_EG4_6.2/prj/UDP_EXAMPLE/al_ip/TEMAC_CORE/RTL/TEMAC_CORE_aead6cd6dadd.v(4868)
HDL-1007 : undeclared symbol '**', assumed default net type '**' in import/TEMAC_CORE_aead6cd6dadd.v(5050)
HDL-1007 : undeclared symbol '**', assumed default net type '**' in import/TEMAC_CORE_aead6cd6dadd.v(5458)
HDL-7201 CRITICAL-WARNING: overwrite current ** '**' in import/TEMAC_CORE_aead6cd6dadd.v(4899)
HDL-7307 CRITICAL-WARNING: previous definition of design element ** '**' is here. This is because multiple modules(values) with the same name are defined. Please consider rewriting code in ../../../../../Anlogic/HX4S20_Contest_2025_7_29/lab_ex_2025_7_12_nosoft/HXEG420_lab_ex/lab_ex_4_tf_sdram_etnernet_pc/UDP_EG4_6.2/prj/UDP_EXAMPLE/al_ip/TEMAC_CORE/RTL/TEMAC_CORE_aead6cd6dadd.v(4899)
HDL-7201 CRITICAL-WARNING: overwrite current ** '**' in import/TEMAC_CORE_aead6cd6dadd.v(5470)
HDL-7307 CRITICAL-WARNING: previous definition of design element ** '**' is here. This is because multiple modules(values) with the same name are defined. Please consider rewriting code in ../../../../../Anlogic/HX4S20_Contest_2025_7_29/lab_ex_2025_7_12_nosoft/HXEG420_lab_ex/lab_ex_4_tf_sdram_etnernet_pc/UDP_EG4_6.2/prj/UDP_EXAMPLE/al_ip/TEMAC_CORE/RTL/TEMAC_CORE_aead6cd6dadd.v(5470)
HDL-5007 WARNING: column 1035 exceeds maximum value 1023 in import/TEMAC_CORE_aead6cd6dadd.v(6001)
HDL-7201 CRITICAL-WARNING: overwrite current ** '**' in import/TEMAC_CORE_aead6cd6dadd.v(5659)
HDL-7307 CRITICAL-WARNING: previous definition of design element ** '**' is here. This is because multiple modules(values) with the same name are defined. Please consider rewriting code in ../../../../../Anlogic/HX4S20_Contest_2025_7_29/lab_ex_2025_7_12_nosoft/HXEG420_lab_ex/lab_ex_4_tf_sdram_etnernet_pc/UDP_EG4_6.2/prj/UDP_EXAMPLE/al_ip/TEMAC_CORE/RTL/TEMAC_CORE_aead6cd6dadd.v(5659)
HDL-7201 CRITICAL-WARNING: overwrite current ** '**' in import/TEMAC_CORE_aead6cd6dadd.v(6199)
HDL-7307 CRITICAL-WARNING: previous definition of design element ** '**' is here. This is because multiple modules(values) with the same name are defined. Please consider rewriting code in ../../../../../Anlogic/HX4S20_Contest_2025_7_29/lab_ex_2025_7_12_nosoft/HXEG420_lab_ex/lab_ex_4_tf_sdram_etnernet_pc/UDP_EG4_6.2/prj/UDP_EXAMPLE/al_ip/TEMAC_CORE/RTL/TEMAC_CORE_aead6cd6dadd.v(6199)
HDL-7201 CRITICAL-WARNING: overwrite current ** '**' in import/TEMAC_CORE_aead6cd6dadd.v(6270)
HDL-7307 CRITICAL-WARNING: previous definition of design element ** '**' is here. This is because multiple modules(values) with the same name are defined. Please consider rewriting code in ../../../../../Anlogic/HX4S20_Contest_2025_7_29/lab_ex_2025_7_12_nosoft/HXEG420_lab_ex/lab_ex_4_tf_sdram_etnernet_pc/UDP_EG4_6.2/prj/UDP_EXAMPLE/al_ip/TEMAC_CORE/RTL/TEMAC_CORE_aead6cd6dadd.v(6270)
HDL-7201 CRITICAL-WARNING: overwrite current ** '**' in import/TEMAC_CORE_aead6cd6dadd.v(6495)
HDL-7307 CRITICAL-WARNING: previous definition of design element ** '**' is here. This is because multiple modules(values) with the same name are defined. Please consider rewriting code in ../../../../../Anlogic/HX4S20_Contest_2025_7_29/lab_ex_2025_7_12_nosoft/HXEG420_lab_ex/lab_ex_4_tf_sdram_etnernet_pc/UDP_EG4_6.2/prj/UDP_EXAMPLE/al_ip/TEMAC_CORE/RTL/TEMAC_CORE_aead6cd6dadd.v(6495)
HDL-7201 CRITICAL-WARNING: overwrite current ** '**' in import/TEMAC_CORE_aead6cd6dadd.v(6852)
HDL-7307 CRITICAL-WARNING: previous definition of design element ** '**' is here. This is because multiple modules(values) with the same name are defined. Please consider rewriting code in ../../../../../Anlogic/HX4S20_Contest_2025_7_29/lab_ex_2025_7_12_nosoft/HXEG420_lab_ex/lab_ex_4_tf_sdram_etnernet_pc/UDP_EG4_6.2/prj/UDP_EXAMPLE/al_ip/TEMAC_CORE/RTL/TEMAC_CORE_aead6cd6dadd.v(6852)
HDL-7201 CRITICAL-WARNING: overwrite current ** '**' in import/TEMAC_CORE_aead6cd6dadd.v(6947)
HDL-7307 CRITICAL-WARNING: previous definition of design element ** '**' is here. This is because multiple modules(values) with the same name are defined. Please consider rewriting code in ../../../../../Anlogic/HX4S20_Contest_2025_7_29/lab_ex_2025_7_12_nosoft/HXEG420_lab_ex/lab_ex_4_tf_sdram_etnernet_pc/UDP_EG4_6.2/prj/UDP_EXAMPLE/al_ip/TEMAC_CORE/RTL/TEMAC_CORE_aead6cd6dadd.v(6947)
HDL-7201 CRITICAL-WARNING: overwrite current ** '**' in import/TEMAC_CORE_aead6cd6dadd.v(7513)
HDL-7307 CRITICAL-WARNING: previous definition of design element ** '**' is here. This is because multiple modules(values) with the same name are defined. Please consider rewriting code in ../../../../../Anlogic/HX4S20_Contest_2025_7_29/lab_ex_2025_7_12_nosoft/HXEG420_lab_ex/lab_ex_4_tf_sdram_etnernet_pc/UDP_EG4_6.2/prj/UDP_EXAMPLE/al_ip/TEMAC_CORE/RTL/TEMAC_CORE_aead6cd6dadd.v(7513)
HDL-7201 CRITICAL-WARNING: overwrite current ** '**' in import/TEMAC_CORE_aead6cd6dadd.v(7839)
HDL-7307 CRITICAL-WARNING: previous definition of design element ** '**' is here. This is because multiple modules(values) with the same name are defined. Please consider rewriting code in ../../../../../Anlogic/HX4S20_Contest_2025_7_29/lab_ex_2025_7_12_nosoft/HXEG420_lab_ex/lab_ex_4_tf_sdram_etnernet_pc/UDP_EG4_6.2/prj/UDP_EXAMPLE/al_ip/TEMAC_CORE/RTL/TEMAC_CORE_aead6cd6dadd.v(7839)
HDL-7201 CRITICAL-WARNING: overwrite current ** '**' in import/TEMAC_CORE_aead6cd6dadd.v(8272)
HDL-7307 CRITICAL-WARNING: previous definition of design element ** '**' is here. This is because multiple modules(values) with the same name are defined. Please consider rewriting code in ../../../../../Anlogic/HX4S20_Contest_2025_7_29/lab_ex_2025_7_12_nosoft/HXEG420_lab_ex/lab_ex_4_tf_sdram_etnernet_pc/UDP_EG4_6.2/prj/UDP_EXAMPLE/al_ip/TEMAC_CORE/RTL/TEMAC_CORE_aead6cd6dadd.v(8272)
HDL-7201 CRITICAL-WARNING: overwrite current ** '**' in import/TEMAC_CORE_aead6cd6dadd.v(8504)
HDL-7307 CRITICAL-WARNING: previous definition of design element ** '**' is here. This is because multiple modules(values) with the same name are defined. Please consider rewriting code in ../../../../../Anlogic/HX4S20_Contest_2025_7_29/lab_ex_2025_7_12_nosoft/HXEG420_lab_ex/lab_ex_4_tf_sdram_etnernet_pc/UDP_EG4_6.2/prj/UDP_EXAMPLE/al_ip/TEMAC_CORE/RTL/TEMAC_CORE_aead6cd6dadd.v(8504)
HDL-7201 CRITICAL-WARNING: overwrite current ** '**' in import/TEMAC_CORE_aead6cd6dadd.v(8830)
HDL-7307 CRITICAL-WARNING: previous definition of design element ** '**' is here. This is because multiple modules(values) with the same name are defined. Please consider rewriting code in ../../../../../Anlogic/HX4S20_Contest_2025_7_29/lab_ex_2025_7_12_nosoft/HXEG420_lab_ex/lab_ex_4_tf_sdram_etnernet_pc/UDP_EG4_6.2/prj/UDP_EXAMPLE/al_ip/TEMAC_CORE/RTL/TEMAC_CORE_aead6cd6dadd.v(8830)
HDL-7201 CRITICAL-WARNING: overwrite current ** '**' in import/TEMAC_CORE_aead6cd6dadd.v(8904)
HDL-7307 CRITICAL-WARNING: previous definition of design element ** '**' is here. This is because multiple modules(values) with the same name are defined. Please consider rewriting code in ../../../../../Anlogic/HX4S20_Contest_2025_7_29/lab_ex_2025_7_12_nosoft/HXEG420_lab_ex/lab_ex_4_tf_sdram_etnernet_pc/UDP_EG4_6.2/prj/UDP_EXAMPLE/al_ip/TEMAC_CORE/RTL/TEMAC_CORE_aead6cd6dadd.v(8904)
HDL-7201 CRITICAL-WARNING: overwrite current ** '**' in import/TEMAC_CORE_aead6cd6dadd.v(8971)
HDL-7307 CRITICAL-WARNING: previous definition of design element ** '**' is here. This is because multiple modules(values) with the same name are defined. Please consider rewriting code in ../../../../../Anlogic/HX4S20_Contest_2025_7_29/lab_ex_2025_7_12_nosoft/HXEG420_lab_ex/lab_ex_4_tf_sdram_etnernet_pc/UDP_EG4_6.2/prj/UDP_EXAMPLE/al_ip/TEMAC_CORE/RTL/TEMAC_CORE_aead6cd6dadd.v(8971)
HDL-7201 CRITICAL-WARNING: overwrite current ** '**' in import/TEMAC_CORE_aead6cd6dadd.v(9050)
HDL-7307 CRITICAL-WARNING: previous definition of design element ** '**' is here. This is because multiple modules(values) with the same name are defined. Please consider rewriting code in ../../../../../Anlogic/HX4S20_Contest_2025_7_29/lab_ex_2025_7_12_nosoft/HXEG420_lab_ex/lab_ex_4_tf_sdram_etnernet_pc/UDP_EG4_6.2/prj/UDP_EXAMPLE/al_ip/TEMAC_CORE/RTL/TEMAC_CORE_aead6cd6dadd.v(9050)
HDL-7201 CRITICAL-WARNING: overwrite current ** '**' in import/TEMAC_CORE_aead6cd6dadd.v(9306)
HDL-7307 CRITICAL-WARNING: previous definition of design element ** '**' is here. This is because multiple modules(values) with the same name are defined. Please consider rewriting code in ../../../../../Anlogic/HX4S20_Contest_2025_7_29/lab_ex_2025_7_12_nosoft/HXEG420_lab_ex/lab_ex_4_tf_sdram_etnernet_pc/UDP_EG4_6.2/prj/UDP_EXAMPLE/al_ip/TEMAC_CORE/RTL/TEMAC_CORE_aead6cd6dadd.v(9306)
HDL-1007 : back to file 'import/TEMAC_CORE_aead6cd6dadd.v' in import/TEMAC_CORE_aead6cd6dadd.v(260)
HDL-1007 : analyze verilog file import/TEMAC_CORE.v
HDL-7201 CRITICAL-WARNING: overwrite current module 'TEMAC_CORE' in import/TEMAC_CORE.v(9)
HDL-7307 CRITICAL-WARNING: previous definition of design element module 'TEMAC_CORE' is here. This is because multiple modules(values) with the same name are defined. Please consider rewriting code in ../../../../../Anlogic/HX4S20_Contest_2025_7_29/lab_ex_2025_7_12_nosoft/HXEG420_lab_ex/lab_ex_4_tf_sdram_etnernet_pc/UDP_EG4_6.2/prj/UDP_EXAMPLE/al_ip/TEMAC_CORE/TEMAC_CORE.v(9)
HDL-1007 : analyze verilog file import/pll_gen.v
HDL-1007 : undeclared symbol 'pll_gen_open0', assumed default net type 'wire' in import/pll_gen.v(99)
HDL-1007 : undeclared symbol 'pll_gen_open8', assumed default net type 'wire' in import/pll_gen.v(105)
HDL-1007 : undeclared symbol 'pll_gen_open7', assumed default net type 'wire' in import/pll_gen.v(105)
HDL-1007 : undeclared symbol 'pll_gen_open6', assumed default net type 'wire' in import/pll_gen.v(105)
HDL-1007 : undeclared symbol 'pll_gen_open5', assumed default net type 'wire' in import/pll_gen.v(105)
HDL-1007 : undeclared symbol 'pll_gen_open4', assumed default net type 'wire' in import/pll_gen.v(105)
HDL-1007 : undeclared symbol 'pll_gen_open3', assumed default net type 'wire' in import/pll_gen.v(105)
HDL-1007 : undeclared symbol 'pll_gen_open2', assumed default net type 'wire' in import/pll_gen.v(105)
HDL-1007 : undeclared symbol 'pll_gen_open1', assumed default net type 'wire' in import/pll_gen.v(105)
HDL-7201 CRITICAL-WARNING: overwrite current module 'pll_gen' in import/pll_gen.v(26)
HDL-7307 CRITICAL-WARNING: previous definition of design element module 'pll_gen' is here. This is because multiple modules(values) with the same name are defined. Please consider rewriting code in ../../../../../Anlogic/HX4S20_Contest_2025_7_29/lab_ex_2025_7_12_nosoft/HXEG420_lab_ex/lab_ex_4_tf_sdram_etnernet_pc/UDP_EG4_6.2/prj/UDP_EXAMPLE/al_ip/pll_gen.v(26)
HDL-1007 : analyze verilog file import/rx_pll.v
HDL-1007 : undeclared symbol 'open', assumed default net type 'wire' in import/rx_pll.v(78)
HDL-7201 CRITICAL-WARNING: overwrite current module 'rx_pll' in import/rx_pll.v(24)
HDL-7307 CRITICAL-WARNING: previous definition of design element module 'rx_pll' is here. This is because multiple modules(values) with the same name are defined. Please consider rewriting code in ../../../../../Anlogic/HX4S20_Contest_2025_7_29/lab_ex_2025_7_12_nosoft/HXEG420_lab_ex/lab_ex_4_tf_sdram_etnernet_pc/UDP_EG4_6.2/prj/UDP_EXAMPLE/al_ip/rx_pll.v(24)
HDL-1007 : analyze verilog file import/afifo_16_32_256.v
HDL-7201 CRITICAL-WARNING: overwrite current module 'wfifo_32_32_512' in import/afifo_16_32_256.v(13)
HDL-7307 CRITICAL-WARNING: previous definition of design element module 'wfifo_32_32_512' is here. This is because multiple modules(values) with the same name are defined. Please consider rewriting code in ../../../../../Anlogic/HX4S20_Contest_2025_7_29/lab_ex_2025_7_12_nosoft/HXEG420_lab_ex/lab_ex_5_HX4S20_OV5640/al_ip/afifo_16_32_256.v(13)
HDL-7201 CRITICAL-WARNING: overwrite current module 'fifo_cross_domain_addr_process_al_wfifo_32_32_512' in import/afifo_16_32_256.v(250)
HDL-7307 CRITICAL-WARNING: previous definition of design element module 'fifo_cross_domain_addr_process_al_wfifo_32_32_512' is here. This is because multiple modules(values) with the same name are defined. Please consider rewriting code in ../../../../../Anlogic/HX4S20_Contest_2025_7_29/lab_ex_2025_7_12_nosoft/HXEG420_lab_ex/lab_ex_5_HX4S20_OV5640/al_ip/afifo_16_32_256.v(250)
HDL-7201 CRITICAL-WARNING: overwrite current module 'ram_infer_wfifo_32_32_512' in import/afifo_16_32_256.v(333)
HDL-7307 CRITICAL-WARNING: previous definition of design element module 'ram_infer_wfifo_32_32_512' is here. This is because multiple modules(values) with the same name are defined. Please consider rewriting code in ../../../../../Anlogic/HX4S20_Contest_2025_7_29/lab_ex_2025_7_12_nosoft/HXEG420_lab_ex/lab_ex_5_HX4S20_OV5640/al_ip/afifo_16_32_256.v(333)
HDL-1007 : analyze verilog file import/afifo_32_16_256.v
HDL-7201 CRITICAL-WARNING: overwrite current module 'rfifo_32_32_512' in import/afifo_32_16_256.v(13)
HDL-7307 CRITICAL-WARNING: previous definition of design element module 'rfifo_32_32_512' is here. This is because multiple modules(values) with the same name are defined. Please consider rewriting code in ../../../../../Anlogic/HX4S20_Contest_2025_7_29/lab_ex_2025_7_12_nosoft/HXEG420_lab_ex/lab_ex_5_HX4S20_OV5640/al_ip/afifo_32_16_256.v(13)
HDL-7201 CRITICAL-WARNING: overwrite current module 'fifo_cross_domain_addr_process_al_rfifo_32_32_512' in import/afifo_32_16_256.v(250)
HDL-7307 CRITICAL-WARNING: previous definition of design element module 'fifo_cross_domain_addr_process_al_rfifo_32_32_512' is here. This is because multiple modules(values) with the same name are defined. Please consider rewriting code in ../../../../../Anlogic/HX4S20_Contest_2025_7_29/lab_ex_2025_7_12_nosoft/HXEG420_lab_ex/lab_ex_5_HX4S20_OV5640/al_ip/afifo_32_16_256.v(250)
HDL-7201 CRITICAL-WARNING: overwrite current module 'ram_infer_rfifo_32_32_512' in import/afifo_32_16_256.v(333)
HDL-7307 CRITICAL-WARNING: previous definition of design element module 'ram_infer_rfifo_32_32_512' is here. This is because multiple modules(values) with the same name are defined. Please consider rewriting code in ../../../../../Anlogic/HX4S20_Contest_2025_7_29/lab_ex_2025_7_12_nosoft/HXEG420_lab_ex/lab_ex_5_HX4S20_OV5640/al_ip/afifo_32_16_256.v(333)
HDL-1007 : analyze verilog file import/video_pll.v
HDL-1007 : undeclared symbol 'open', assumed default net type 'wire' in import/video_pll.v(70)
HDL-7201 CRITICAL-WARNING: overwrite current module 'video_pll' in import/video_pll.v(23)
HDL-7307 CRITICAL-WARNING: previous definition of design element module 'video_pll' is here. This is because multiple modules(values) with the same name are defined. Please consider rewriting code in ../../../../../Anlogic/HX4S20_Contest_2025_7_29/lab_ex_2025_7_12_nosoft/HXEG420_lab_ex/lab_ex_5_HX4S20_OV5640/al_ip/video_pll.v(23)
HDL-1007 : analyze verilog file import/sys_pll.v
HDL-1007 : undeclared symbol 'open', assumed default net type 'wire' in import/sys_pll.v(77)
HDL-7201 CRITICAL-WARNING: overwrite current module 'sys_pll' in import/sys_pll.v(24)
HDL-7307 CRITICAL-WARNING: previous definition of design element module 'sys_pll' is here. This is because multiple modules(values) with the same name are defined. Please consider rewriting code in ../../../../../Anlogic/HX4S20_Contest_2025_7_29/lab_ex_2025_7_12_nosoft/HXEG420_lab_ex/lab_ex_6_tf_sdram_hdmi/al_ip/sys_pll.v(24)
HDL-1007 : analyze verilog file import/sd_card_bmp.v
HDL-1007 : analyze verilog file import/seg_decoder.v
HDL-1007 : analyze verilog file import/seg_scan.v
HDL-1007 : analyze verilog file import/ax_debounce.v
HDL-1007 : analyze verilog file import/bmp_read.v
HDL-1007 : analyze verilog file import/top_integrated.v
PRJ-1412 : reset_run syn_1 phy_1.
PRJ-1409 : launch_runs syn_1 phy_1  -jobs 6.
PRJ-1410 : Run syn_1 success.
PRJ-1410 : Run phy_1 success.
RUN-1002 : start command "save_best_bits"
PRJ-1424 : The implemented result of phy_1 is saved as best result.
RUN-1002 : start command "import_db C:/Users/xvhao/Desktop/prj/q3v3 _source/q4_Runs/phy_1/q4_pr.db"
RUN-1001 : Importing database generated by Tang Dynasty, V6.2.168116.
RUN-1001 : Database version number 46207
RUN-1001 : Import flow parameters
RUN-1001 : Import netlist
PHY-1001 : Generate detailed routing grids ...
PHY-1001 : End build routing graph; 1.605793s wall, 1.421875s user + 0.296875s system = 1.718750s CPU (107.0%)

PHY-1001 : Build lut bridge;  0.214406s wall, 0.187500s user + 0.031250s system = 0.218750s CPU (102.0%)

PHY-1001 : Generate nets ...
PHY-1001 : net clk_dup_1 will be routed on clock mesh
PHY-1001 : net phy1_rgmii_rx_clk_dup_1 will be routed on clock mesh
PHY-1001 : net U3/u2_ram/SDRAM_CLK will be routed on clock mesh
PHY-1001 : clock net u_ov5640_dri/u_i2c_dr/dri_clk_syn_4 will be merged with clock u_ov5640_dri/u_i2c_dr/dri_clk
PHY-1001 : clock net frame_read_write_m0/write_clk_syn_4 will be merged with clock frame_read_write_m0/write_clk
PHY-1001 : clock net cam_pclk_syn_4 will be merged with clock cam_pclk_dup_1
PHY-1001 : net frame_read_write_m0/read_buf/clkw will be routed on clock mesh
PHY-1001 : clock net sd_card_bmp_m0/bmp_read_m0/clk will be merged with clock sys_pll_m0/clk0_buf
PHY-1001 : clock net u_rx_pll/clk0_out will be merged with clock u_rx_pll/clk0_buf
PHY-1001 : clock net u_clk_gen/u_pll_0/clk0_out will be merged with clock u_clk_gen/u_pll_0/clk0_buf
PHY-1001 : net u4_trimac_block/u1_rgmii_interface/rgmii_txc_ddr/clk will be routed on clock mesh
PHY-1001 : net u4_trimac_block/gtx_clk will be routed on clock mesh
PHY-1001 : clock net u4_trimac_block/rx_clk will be merged with clock u4_trimac_block/u1_rgmii_interface/rgmii_rxc
PHY-1001 : eco open net = 0
PHY-1001 : 180 feed throughs used by 132 nets
RUN-1001 : Import phy database
RUN-1001 : Import timing constraints
RUN-1001 : Import IO constraints
RUN-1001 : Import Inst constraints
RUN-1001 : Import ChipWatcher
RUN-1001 : Import design success TD_VERSION=6.2.168116 , DB_VERSION=46207
RUN-1003 : finish command "import_db C:/Users/xvhao/Desktop/prj/q3v3 _source/q4_Runs/phy_1/q4_pr.db" in  8.380321s wall, 7.656250s user + 1.328125s system = 8.984375s CPU (107.2%)

RUN-1004 : used memory is 720 MB, reserved memory is 763 MB, peak memory is 811 MB
RUN-1002 : start command "commit_param -step design"
RUN-1001 : Print Global Property
RUN-1001 : --------------------------------------------------------
RUN-1001 :   Parameters   |  Settings  |  Default Values  |  Note  
RUN-1001 : --------------------------------------------------------
RUN-1001 :   enable_seed  |    off     |       off        |        
RUN-1001 :     message    |  standard  |     standard     |        
RUN-1001 :   qor_monitor  |     on     |        on        |        
RUN-1001 :   syn_ip_flow  |    off     |       off        |        
RUN-1001 :     thread     |    auto    |       auto       |        
RUN-1001 : --------------------------------------------------------
RUN-1001 : Print Design Property
RUN-1001 : ----------------------------------------------------------------
RUN-1001 :       Parameters       |  Settings  |  Default Values  |  Note  
RUN-1001 : ----------------------------------------------------------------
RUN-1001 :   default_reg_initial  |    auto    |       auto       |        
RUN-1001 :    hdl_warning_level   |   normal   |      normal      |        
RUN-1001 : ----------------------------------------------------------------
HDL-1007 : analyze verilog file src/video_define.v
HDL-1007 : analyze verilog file src/sdram_r/sdram_para.v
HDL-1007 : analyze verilog file src/sdram/enc_file/global_def.v
HDL-1007 : analyze verilog file ../../../../../Anlogic/HX4S20_Contest_2025_7_29/lab_ex_2025_7_12_nosoft/HXEG420_lab_ex/lab_ex_4_tf_sdram_etnernet_pc/UDP_EG4_6.2/prj/UDP_EXAMPLE/al_ip/TEMAC_CORE/RTL/mac_core_aead6cd6dadd.v
HDL-1007 : analyze verilog file ../../../../../Anlogic/HX4S20_Contest_2025_7_29/lab_ex_2025_7_12_nosoft/HXEG420_lab_ex/lab_ex_4_tf_sdram_etnernet_pc/UDP_EG4_6.2/prj/UDP_EXAMPLE/al_ip/TEMAC_CORE/RTL/TEMAC_CORE_aead6cd6dadd.v
HDL-5007 WARNING: column 1032 exceeds maximum value 1023 in ../../../../../Anlogic/HX4S20_Contest_2025_7_29/lab_ex_2025_7_12_nosoft/HXEG420_lab_ex/lab_ex_4_tf_sdram_etnernet_pc/UDP_EG4_6.2/prj/UDP_EXAMPLE/al_ip/TEMAC_CORE/RTL/TEMAC_CORE_aead6cd6dadd.v(30)
HDL-1007 : back to file '../../../../../Anlogic/HX4S20_Contest_2025_7_29/lab_ex_2025_7_12_nosoft/HXEG420_lab_ex/lab_ex_4_tf_sdram_etnernet_pc/UDP_EG4_6.2/prj/UDP_EXAMPLE/al_ip/TEMAC_CORE/RTL/TEMAC_CORE_aead6cd6dadd.v' in ../../../../../Anlogic/HX4S20_Contest_2025_7_29/lab_ex_2025_7_12_nosoft/HXEG420_lab_ex/lab_ex_4_tf_sdram_etnernet_pc/UDP_EG4_6.2/prj/UDP_EXAMPLE/al_ip/TEMAC_CORE/RTL/TEMAC_CORE_aead6cd6dadd.v(86)
HDL-5007 WARNING: event expressions must result in a singular type in ../../../../../Anlogic/HX4S20_Contest_2025_7_29/lab_ex_2025_7_12_nosoft/HXEG420_lab_ex/lab_ex_4_tf_sdram_etnernet_pc/UDP_EG4_6.2/prj/UDP_EXAMPLE/al_ip/TEMAC_CORE/RTL/TEMAC_CORE_aead6cd6dadd.v(3001)
HDL-1007 : undeclared symbol '**', assumed default net type '**' in ../../../../../Anlogic/HX4S20_Contest_2025_7_29/lab_ex_2025_7_12_nosoft/HXEG420_lab_ex/lab_ex_4_tf_sdram_etnernet_pc/UDP_EG4_6.2/prj/UDP_EXAMPLE/al_ip/TEMAC_CORE/RTL/TEMAC_CORE_aead6cd6dadd.v(5050)
HDL-1007 : undeclared symbol '**', assumed default net type '**' in ../../../../../Anlogic/HX4S20_Contest_2025_7_29/lab_ex_2025_7_12_nosoft/HXEG420_lab_ex/lab_ex_4_tf_sdram_etnernet_pc/UDP_EG4_6.2/prj/UDP_EXAMPLE/al_ip/TEMAC_CORE/RTL/TEMAC_CORE_aead6cd6dadd.v(5458)
HDL-5007 WARNING: column 1035 exceeds maximum value 1023 in ../../../../../Anlogic/HX4S20_Contest_2025_7_29/lab_ex_2025_7_12_nosoft/HXEG420_lab_ex/lab_ex_4_tf_sdram_etnernet_pc/UDP_EG4_6.2/prj/UDP_EXAMPLE/al_ip/TEMAC_CORE/RTL/TEMAC_CORE_aead6cd6dadd.v(6001)
HDL-1007 : back to file '../../../../../Anlogic/HX4S20_Contest_2025_7_29/lab_ex_2025_7_12_nosoft/HXEG420_lab_ex/lab_ex_4_tf_sdram_etnernet_pc/UDP_EG4_6.2/prj/UDP_EXAMPLE/al_ip/TEMAC_CORE/RTL/TEMAC_CORE_aead6cd6dadd.v' in ../../../../../Anlogic/HX4S20_Contest_2025_7_29/lab_ex_2025_7_12_nosoft/HXEG420_lab_ex/lab_ex_4_tf_sdram_etnernet_pc/UDP_EG4_6.2/prj/UDP_EXAMPLE/al_ip/TEMAC_CORE/RTL/TEMAC_CORE_aead6cd6dadd.v(260)
HDL-1007 : analyze verilog file ../../../../../Anlogic/HX4S20_Contest_2025_7_29/lab_ex_2025_7_12_nosoft/HXEG420_lab_ex/lab_ex_4_tf_sdram_etnernet_pc/UDP_EG4_6.2/prj/UDP_EXAMPLE/al_ip/TEMAC_CORE/TEMAC_CORE.v
HDL-1007 : analyze verilog file ../../../../../Anlogic/HX4S20_Contest_2025_7_29/lab_ex_2025_7_12_nosoft/HXEG420_lab_ex/lab_ex_4_tf_sdram_etnernet_pc/UDP_EG4_6.2/prj/UDP_EXAMPLE/al_ip/pll_gen.v
HDL-1007 : undeclared symbol 'pll_gen_open0', assumed default net type 'wire' in ../../../../../Anlogic/HX4S20_Contest_2025_7_29/lab_ex_2025_7_12_nosoft/HXEG420_lab_ex/lab_ex_4_tf_sdram_etnernet_pc/UDP_EG4_6.2/prj/UDP_EXAMPLE/al_ip/pll_gen.v(99)
HDL-1007 : undeclared symbol 'pll_gen_open8', assumed default net type 'wire' in ../../../../../Anlogic/HX4S20_Contest_2025_7_29/lab_ex_2025_7_12_nosoft/HXEG420_lab_ex/lab_ex_4_tf_sdram_etnernet_pc/UDP_EG4_6.2/prj/UDP_EXAMPLE/al_ip/pll_gen.v(105)
HDL-1007 : undeclared symbol 'pll_gen_open7', assumed default net type 'wire' in ../../../../../Anlogic/HX4S20_Contest_2025_7_29/lab_ex_2025_7_12_nosoft/HXEG420_lab_ex/lab_ex_4_tf_sdram_etnernet_pc/UDP_EG4_6.2/prj/UDP_EXAMPLE/al_ip/pll_gen.v(105)
HDL-1007 : undeclared symbol 'pll_gen_open6', assumed default net type 'wire' in ../../../../../Anlogic/HX4S20_Contest_2025_7_29/lab_ex_2025_7_12_nosoft/HXEG420_lab_ex/lab_ex_4_tf_sdram_etnernet_pc/UDP_EG4_6.2/prj/UDP_EXAMPLE/al_ip/pll_gen.v(105)
HDL-1007 : undeclared symbol 'pll_gen_open5', assumed default net type 'wire' in ../../../../../Anlogic/HX4S20_Contest_2025_7_29/lab_ex_2025_7_12_nosoft/HXEG420_lab_ex/lab_ex_4_tf_sdram_etnernet_pc/UDP_EG4_6.2/prj/UDP_EXAMPLE/al_ip/pll_gen.v(105)
HDL-1007 : undeclared symbol 'pll_gen_open4', assumed default net type 'wire' in ../../../../../Anlogic/HX4S20_Contest_2025_7_29/lab_ex_2025_7_12_nosoft/HXEG420_lab_ex/lab_ex_4_tf_sdram_etnernet_pc/UDP_EG4_6.2/prj/UDP_EXAMPLE/al_ip/pll_gen.v(105)
HDL-1007 : undeclared symbol 'pll_gen_open3', assumed default net type 'wire' in ../../../../../Anlogic/HX4S20_Contest_2025_7_29/lab_ex_2025_7_12_nosoft/HXEG420_lab_ex/lab_ex_4_tf_sdram_etnernet_pc/UDP_EG4_6.2/prj/UDP_EXAMPLE/al_ip/pll_gen.v(105)
HDL-1007 : undeclared symbol 'pll_gen_open2', assumed default net type 'wire' in ../../../../../Anlogic/HX4S20_Contest_2025_7_29/lab_ex_2025_7_12_nosoft/HXEG420_lab_ex/lab_ex_4_tf_sdram_etnernet_pc/UDP_EG4_6.2/prj/UDP_EXAMPLE/al_ip/pll_gen.v(105)
HDL-1007 : undeclared symbol 'pll_gen_open1', assumed default net type 'wire' in ../../../../../Anlogic/HX4S20_Contest_2025_7_29/lab_ex_2025_7_12_nosoft/HXEG420_lab_ex/lab_ex_4_tf_sdram_etnernet_pc/UDP_EG4_6.2/prj/UDP_EXAMPLE/al_ip/pll_gen.v(105)
HDL-1007 : analyze verilog file ../../../../../Anlogic/HX4S20_Contest_2025_7_29/lab_ex_2025_7_12_nosoft/HXEG420_lab_ex/lab_ex_4_tf_sdram_etnernet_pc/UDP_EG4_6.2/prj/UDP_EXAMPLE/al_ip/rx_pll.v
HDL-1007 : undeclared symbol 'open', assumed default net type 'wire' in ../../../../../Anlogic/HX4S20_Contest_2025_7_29/lab_ex_2025_7_12_nosoft/HXEG420_lab_ex/lab_ex_4_tf_sdram_etnernet_pc/UDP_EG4_6.2/prj/UDP_EXAMPLE/al_ip/rx_pll.v(78)
HDL-1007 : analyze verilog file ../../../../../Anlogic/HX4S20_Contest_2025_7_29/lab_ex_2025_7_12_nosoft/HXEG420_lab_ex/lab_ex_5_HX4S20_OV5640/al_ip/afifo_16_32_256.v
HDL-1007 : analyze verilog file ../../../../../Anlogic/HX4S20_Contest_2025_7_29/lab_ex_2025_7_12_nosoft/HXEG420_lab_ex/lab_ex_5_HX4S20_OV5640/al_ip/afifo_32_16_256.v
HDL-1007 : analyze verilog file ../../../../../Anlogic/HX4S20_Contest_2025_7_29/lab_ex_2025_7_12_nosoft/HXEG420_lab_ex/lab_ex_5_HX4S20_OV5640/al_ip/video_pll.v
HDL-1007 : undeclared symbol 'open', assumed default net type 'wire' in ../../../../../Anlogic/HX4S20_Contest_2025_7_29/lab_ex_2025_7_12_nosoft/HXEG420_lab_ex/lab_ex_5_HX4S20_OV5640/al_ip/video_pll.v(70)
HDL-1007 : analyze verilog file ../../../../../Anlogic/HX4S20_Contest_2025_7_29/lab_ex_2025_7_12_nosoft/HXEG420_lab_ex/lab_ex_6_tf_sdram_hdmi/al_ip/sys_pll.v
HDL-1007 : undeclared symbol 'open', assumed default net type 'wire' in ../../../../../Anlogic/HX4S20_Contest_2025_7_29/lab_ex_2025_7_12_nosoft/HXEG420_lab_ex/lab_ex_6_tf_sdram_hdmi/al_ip/sys_pll.v(77)
HDL-1007 : analyze verilog file src/color_bar.v
HDL-1007 : analyze included file src/video_define.v in src/color_bar.v(2)
HDL-1007 : back to file 'src/color_bar.v' in src/color_bar.v(2)
HDL-1007 : analyze verilog file src/frame_fifo_read.v
HDL-1007 : analyze verilog file src/frame_fifo_write.v
HDL-1007 : analyze verilog file src/top.v
HDL-1007 : analyze verilog file src/video_timing_data.v
HDL-1007 : analyze verilog file src/sdram/enc_file/sdr_as_ram.enc.v
HDL-1007 : back to file 'src/sdram/enc_file/sdr_as_ram.enc.v' in src/sdram/enc_file/sdr_as_ram.enc.v(45)
HDL-1007 : analyze verilog file src/sdram/enc_file/sdr_wrrd.enc.v
HDL-5007 WARNING: concatenation with an unsized literal will be treated as 32 bits in src/sdram/enc_file/sdr_wrrd.enc.v(283)
HDL-1007 : back to file 'src/sdram/enc_file/sdr_wrrd.enc.v' in src/sdram/enc_file/sdr_wrrd.enc.v(19)
HDL-1007 : analyze verilog file src/sdram/sdram.v
HDL-1007 : analyze included file ./src/sdram/enc_file/global_def.v in src/sdram/sdram.v(10)
HDL-1007 : back to file 'src/sdram/sdram.v' in src/sdram/sdram.v(10)
HDL-1007 : undeclared symbol 'SDR_CKE', assumed default net type 'wire' in src/sdram/sdram.v(89)
HDL-1007 : analyze verilog file src/frame_read_write.v
HDL-1007 : analyze verilog file src/video_delay.v
HDL-1007 : analyze VHDL file src/hdmi/enc_file/DVITransmitter.enc.vhd
HDL-1007 : analyze entity dvitransmitter in src/hdmi/enc_file/DVITransmitter.enc.vhd(13)
HDL-1007 : analyze architecture ** in src/hdmi/enc_file/DVITransmitter.enc.vhd(2)
HDL-1007 : analyze VHDL file src/hdmi/enc_file/SerializerN_1_lvds.enc.vhd
HDL-1007 : analyze entity ** in src/hdmi/enc_file/SerializerN_1_lvds.enc.vhd(12)
HDL-1007 : analyze architecture ** in src/hdmi/enc_file/SerializerN_1_lvds.enc.vhd(25)
HDL-1007 : analyze VHDL file src/hdmi/enc_file/SerializerN_1_lvds_dat.enc.vhd
HDL-1007 : analyze entity ** in src/hdmi/enc_file/SerializerN_1_lvds_dat.enc.vhd(14)
HDL-1007 : analyze architecture ** in src/hdmi/enc_file/SerializerN_1_lvds_dat.enc.vhd(28)
HDL-1007 : analyze VHDL file src/hdmi/enc_file/TMDSEncoder.enc.vhd
HDL-1007 : analyze entity ** in src/hdmi/enc_file/TMDSEncoder.enc.vhd(13)
HDL-1007 : analyze architecture ** in src/hdmi/enc_file/TMDSEncoder.enc.vhd(24)
HDL-1007 : analyze verilog file src/hdmi/enc_file/video_tpg_1024768.enc.v
HDL-5007 WARNING: literal value ** truncated to fit in ** bits in src/hdmi/enc_file/video_tpg_1024768.enc.v(231)
HDL-1007 : back to file 'src/hdmi/enc_file/video_tpg_1024768.enc.v' in src/hdmi/enc_file/video_tpg_1024768.enc.v(1)
HDL-1007 : analyze verilog file src/hdmi/enc_file/video_tpg_1080p.enc.v
HDL-1007 : back to file 'src/hdmi/enc_file/video_tpg_1080p.enc.v' in src/hdmi/enc_file/video_tpg_1080p.enc.v(1)
HDL-1007 : analyze verilog file src/hdmi/enc_file/video_tpg_12801024p.enc.v
HDL-1007 : back to file 'src/hdmi/enc_file/video_tpg_12801024p.enc.v' in src/hdmi/enc_file/video_tpg_12801024p.enc.v(1)
HDL-1007 : analyze verilog file src/hdmi/enc_file/video_tpg_1280800.enc.v
HDL-5007 WARNING: literal value ** truncated to fit in ** bits in src/hdmi/enc_file/video_tpg_1280800.enc.v(233)
HDL-1007 : back to file 'src/hdmi/enc_file/video_tpg_1280800.enc.v' in src/hdmi/enc_file/video_tpg_1280800.enc.v(1)
HDL-1007 : analyze verilog file src/hdmi/enc_file/video_tpg_16801050p.enc.v
HDL-1007 : back to file 'src/hdmi/enc_file/video_tpg_16801050p.enc.v' in src/hdmi/enc_file/video_tpg_16801050p.enc.v(1)
HDL-1007 : analyze verilog file src/hdmi/enc_file/video_tpg_800600.enc.v
HDL-1007 : back to file 'src/hdmi/enc_file/video_tpg_800600.enc.v' in src/hdmi/enc_file/video_tpg_800600.enc.v(1)
HDL-1007 : analyze VHDL file src/hdmi/hdmi_tx.vhd
HDL-1007 : analyze entity hdmi_tx in src/hdmi/hdmi_tx.vhd(11)
HDL-1007 : analyze architecture behavioral in src/hdmi/hdmi_tx.vhd(33)
HDL-1007 : analyze verilog file src/sdram/enc_file/sdr_init_ref.enc.v
HDL-1007 : analyze included file ./src/sdram/enc_file/global_def.v in src/sdram/enc_file/sdr_init_ref.enc.v(11)
HDL-1007 : back to file 'src/sdram/enc_file/sdr_init_ref.enc.v' in src/sdram/enc_file/sdr_init_ref.enc.v(11)
HDL-1007 : undeclared symbol '**', assumed default net type '**' in src/sdram/enc_file/sdr_init_ref.enc.v(57)
HDL-1007 : back to file 'src/sdram/enc_file/sdr_init_ref.enc.v' in src/sdram/enc_file/sdr_init_ref.enc.v(149)
HDL-5007 WARNING: concatenation with an unsized literal will be treated as 32 bits in src/sdram/enc_file/sdr_init_ref.enc.v(47)
HDL-1007 : analyze verilog file src/ov5640/cmos_capture_data.v
HDL-1007 : analyze verilog file src/ov5640/i2c_dri.v
HDL-1007 : analyze verilog file src/ov5640/i2c_ov5640_rgb565_cfg.v
HDL-1007 : analyze verilog file src/ov5640/ov5640_dri.v
HDL-1007 : analyze verilog file src/ov5640/ov5640_delay.v
HDL-1007 : analyze verilog file import/udp_cam_ctrl.v
HDL-1007 : analyze verilog file import/clk_gen_rst_gen.v
HDL-1007 : analyze verilog file import/div_clk_gen.v
HDL-1007 : analyze verilog file import/IDDR.v
HDL-1007 : analyze verilog file import/ODDR.v
HDL-1007 : analyze verilog file import/RAMB16_S9_S9.v
HDL-1007 : undeclared symbol 'open', assumed default net type 'wire' in import/RAMB16_S9_S9.v(109)
HDL-1007 : analyze verilog file import/rgmii_interface.v
HDL-1007 : analyze verilog file import/rx_client_fifo.v
HDL-5370 WARNING: parameter 'WAIT_s' becomes localparam in 'rx_client_fifo' with formal parameter declaration list in import/rx_client_fifo.v(49)
HDL-5370 WARNING: parameter 'QUEUE1_s' becomes localparam in 'rx_client_fifo' with formal parameter declaration list in import/rx_client_fifo.v(50)
HDL-5370 WARNING: parameter 'QUEUE2_s' becomes localparam in 'rx_client_fifo' with formal parameter declaration list in import/rx_client_fifo.v(51)
HDL-5370 WARNING: parameter 'QUEUE3_s' becomes localparam in 'rx_client_fifo' with formal parameter declaration list in import/rx_client_fifo.v(52)
HDL-5370 WARNING: parameter 'QUEUE_SOF_s' becomes localparam in 'rx_client_fifo' with formal parameter declaration list in import/rx_client_fifo.v(53)
HDL-5370 WARNING: parameter 'SOF_s' becomes localparam in 'rx_client_fifo' with formal parameter declaration list in import/rx_client_fifo.v(54)
HDL-5370 WARNING: parameter 'DATA_s' becomes localparam in 'rx_client_fifo' with formal parameter declaration list in import/rx_client_fifo.v(55)
HDL-5370 WARNING: parameter 'EOF_s' becomes localparam in 'rx_client_fifo' with formal parameter declaration list in import/rx_client_fifo.v(56)
HDL-5370 WARNING: parameter 'IDLE_s' becomes localparam in 'rx_client_fifo' with formal parameter declaration list in import/rx_client_fifo.v(62)
HDL-5370 WARNING: parameter 'FRAME_s' becomes localparam in 'rx_client_fifo' with formal parameter declaration list in import/rx_client_fifo.v(63)
HDL-5370 Similar messages will be suppressed.
HDL-1007 : analyze verilog file import/temac_block.v
HDL-1007 : analyze verilog file import/temac_clk_gen.v
HDL-1007 : analyze verilog file import/tx_client_fifo.v
HDL-5370 WARNING: parameter 'IDLE_s' becomes localparam in 'tx_client_fifo' with formal parameter declaration list in import/tx_client_fifo.v(53)
HDL-5370 WARNING: parameter 'QUEUE1_s' becomes localparam in 'tx_client_fifo' with formal parameter declaration list in import/tx_client_fifo.v(54)
HDL-5370 WARNING: parameter 'QUEUE2_s' becomes localparam in 'tx_client_fifo' with formal parameter declaration list in import/tx_client_fifo.v(55)
HDL-5370 WARNING: parameter 'QUEUE3_s' becomes localparam in 'tx_client_fifo' with formal parameter declaration list in import/tx_client_fifo.v(56)
HDL-5370 WARNING: parameter 'QUEUE_ACK_s' becomes localparam in 'tx_client_fifo' with formal parameter declaration list in import/tx_client_fifo.v(57)
HDL-5370 WARNING: parameter 'WAIT_ACK_s' becomes localparam in 'tx_client_fifo' with formal parameter declaration list in import/tx_client_fifo.v(58)
HDL-5370 WARNING: parameter 'FRAME_s' becomes localparam in 'tx_client_fifo' with formal parameter declaration list in import/tx_client_fifo.v(59)
HDL-5370 WARNING: parameter 'DROP_s' becomes localparam in 'tx_client_fifo' with formal parameter declaration list in import/tx_client_fifo.v(60)
HDL-5370 WARNING: parameter 'RETRANSMIT_s' becomes localparam in 'tx_client_fifo' with formal parameter declaration list in import/tx_client_fifo.v(61)
HDL-5370 WARNING: parameter 'WAIT_s' becomes localparam in 'tx_client_fifo' with formal parameter declaration list in import/tx_client_fifo.v(67)
HDL-5370 Similar messages will be suppressed.
HDL-1007 : analyze verilog file import/tx_clk_en_gen.v
HDL-1007 : analyze verilog file import/udp_data_tpg.v
HDL-1007 : analyze verilog file import/udp_ip_protocol_stack_merge.enc.v
HDL-1007 : back to file 'import/udp_ip_protocol_stack_merge.enc.v' in import/udp_ip_protocol_stack_merge.enc.v(56)
HDL-1007 : undeclared symbol '**', assumed default net type '**' in import/udp_ip_protocol_stack_merge.enc.v(2638)
HDL-1007 : back to file 'import/udp_ip_protocol_stack_merge.enc.v' in import/udp_ip_protocol_stack_merge.enc.v(420)
HDL-1007 : analyze verilog file import/udp_loopback.v
HDL-1007 : analyze verilog file import/sd_card_cmd.v
HDL-1007 : analyze verilog file import/sd_card_sec_read_write.v
HDL-1007 : analyze verilog file import/sd_card_top.v
HDL-1007 : analyze verilog file import/spi_master.v
HDL-1007 : analyze verilog file import/mac_core_aead6cd6dadd.v
HDL-7201 CRITICAL-WARNING: overwrite current module 'mac_core_aead6cd6dadd' in import/mac_core_aead6cd6dadd.v(14)
HDL-7307 CRITICAL-WARNING: previous definition of design element module 'mac_core_aead6cd6dadd' is here. This is because multiple modules(values) with the same name are defined. Please consider rewriting code in ../../../../../Anlogic/HX4S20_Contest_2025_7_29/lab_ex_2025_7_12_nosoft/HXEG420_lab_ex/lab_ex_4_tf_sdram_etnernet_pc/UDP_EG4_6.2/prj/UDP_EXAMPLE/al_ip/TEMAC_CORE/RTL/mac_core_aead6cd6dadd.v(14)
HDL-1007 : analyze verilog file import/TEMAC_CORE_aead6cd6dadd.v
HDL-5007 WARNING: column 1032 exceeds maximum value 1023 in import/TEMAC_CORE_aead6cd6dadd.v(30)
HDL-1007 : back to file 'import/TEMAC_CORE_aead6cd6dadd.v' in import/TEMAC_CORE_aead6cd6dadd.v(86)
HDL-7201 CRITICAL-WARNING: overwrite current module 'TEMAC_CORE_aead6cd6dadd' in import/TEMAC_CORE_aead6cd6dadd.v(1)
HDL-7307 CRITICAL-WARNING: previous definition of design element module 'TEMAC_CORE_aead6cd6dadd' is here. This is because multiple modules(values) with the same name are defined. Please consider rewriting code in ../../../../../Anlogic/HX4S20_Contest_2025_7_29/lab_ex_2025_7_12_nosoft/HXEG420_lab_ex/lab_ex_4_tf_sdram_etnernet_pc/UDP_EG4_6.2/prj/UDP_EXAMPLE/al_ip/TEMAC_CORE/RTL/TEMAC_CORE_aead6cd6dadd.v(1)
HDL-7201 CRITICAL-WARNING: overwrite current ** '**' in import/TEMAC_CORE_aead6cd6dadd.v(3)
HDL-7307 CRITICAL-WARNING: previous definition of design element ** '**' is here. This is because multiple modules(values) with the same name are defined. Please consider rewriting code in ../../../../../Anlogic/HX4S20_Contest_2025_7_29/lab_ex_2025_7_12_nosoft/HXEG420_lab_ex/lab_ex_4_tf_sdram_etnernet_pc/UDP_EG4_6.2/prj/UDP_EXAMPLE/al_ip/TEMAC_CORE/RTL/TEMAC_CORE_aead6cd6dadd.v(3)
HDL-7201 CRITICAL-WARNING: overwrite current ** '**' in import/TEMAC_CORE_aead6cd6dadd.v(186)
HDL-7307 CRITICAL-WARNING: previous definition of design element ** '**' is here. This is because multiple modules(values) with the same name are defined. Please consider rewriting code in ../../../../../Anlogic/HX4S20_Contest_2025_7_29/lab_ex_2025_7_12_nosoft/HXEG420_lab_ex/lab_ex_4_tf_sdram_etnernet_pc/UDP_EG4_6.2/prj/UDP_EXAMPLE/al_ip/TEMAC_CORE/RTL/TEMAC_CORE_aead6cd6dadd.v(186)
HDL-7201 CRITICAL-WARNING: overwrite current ** '**' in import/TEMAC_CORE_aead6cd6dadd.v(225)
HDL-7307 CRITICAL-WARNING: previous definition of design element ** '**' is here. This is because multiple modules(values) with the same name are defined. Please consider rewriting code in ../../../../../Anlogic/HX4S20_Contest_2025_7_29/lab_ex_2025_7_12_nosoft/HXEG420_lab_ex/lab_ex_4_tf_sdram_etnernet_pc/UDP_EG4_6.2/prj/UDP_EXAMPLE/al_ip/TEMAC_CORE/RTL/TEMAC_CORE_aead6cd6dadd.v(225)
HDL-7201 CRITICAL-WARNING: overwrite current ** '**' in import/TEMAC_CORE_aead6cd6dadd.v(253)
HDL-7307 CRITICAL-WARNING: previous definition of design element ** '**' is here. This is because multiple modules(values) with the same name are defined. Please consider rewriting code in ../../../../../Anlogic/HX4S20_Contest_2025_7_29/lab_ex_2025_7_12_nosoft/HXEG420_lab_ex/lab_ex_4_tf_sdram_etnernet_pc/UDP_EG4_6.2/prj/UDP_EXAMPLE/al_ip/TEMAC_CORE/RTL/TEMAC_CORE_aead6cd6dadd.v(253)
HDL-5007 WARNING: event expressions must result in a singular type in import/TEMAC_CORE_aead6cd6dadd.v(3001)
HDL-7201 CRITICAL-WARNING: overwrite current ** '**' in import/TEMAC_CORE_aead6cd6dadd.v(1251)
HDL-7307 CRITICAL-WARNING: previous definition of design element ** '**' is here. This is because multiple modules(values) with the same name are defined. Please consider rewriting code in ../../../../../Anlogic/HX4S20_Contest_2025_7_29/lab_ex_2025_7_12_nosoft/HXEG420_lab_ex/lab_ex_4_tf_sdram_etnernet_pc/UDP_EG4_6.2/prj/UDP_EXAMPLE/al_ip/TEMAC_CORE/RTL/TEMAC_CORE_aead6cd6dadd.v(1251)
HDL-7201 CRITICAL-WARNING: overwrite current ** '**' in import/TEMAC_CORE_aead6cd6dadd.v(3754)
HDL-7307 CRITICAL-WARNING: previous definition of design element ** '**' is here. This is because multiple modules(values) with the same name are defined. Please consider rewriting code in ../../../../../Anlogic/HX4S20_Contest_2025_7_29/lab_ex_2025_7_12_nosoft/HXEG420_lab_ex/lab_ex_4_tf_sdram_etnernet_pc/UDP_EG4_6.2/prj/UDP_EXAMPLE/al_ip/TEMAC_CORE/RTL/TEMAC_CORE_aead6cd6dadd.v(3754)
HDL-7201 CRITICAL-WARNING: overwrite current ** '**' in import/TEMAC_CORE_aead6cd6dadd.v(3808)
HDL-7307 CRITICAL-WARNING: previous definition of design element ** '**' is here. This is because multiple modules(values) with the same name are defined. Please consider rewriting code in ../../../../../Anlogic/HX4S20_Contest_2025_7_29/lab_ex_2025_7_12_nosoft/HXEG420_lab_ex/lab_ex_4_tf_sdram_etnernet_pc/UDP_EG4_6.2/prj/UDP_EXAMPLE/al_ip/TEMAC_CORE/RTL/TEMAC_CORE_aead6cd6dadd.v(3808)
HDL-7201 CRITICAL-WARNING: overwrite current ** '**' in import/TEMAC_CORE_aead6cd6dadd.v(3818)
HDL-7307 CRITICAL-WARNING: previous definition of design element ** '**' is here. This is because multiple modules(values) with the same name are defined. Please consider rewriting code in ../../../../../Anlogic/HX4S20_Contest_2025_7_29/lab_ex_2025_7_12_nosoft/HXEG420_lab_ex/lab_ex_4_tf_sdram_etnernet_pc/UDP_EG4_6.2/prj/UDP_EXAMPLE/al_ip/TEMAC_CORE/RTL/TEMAC_CORE_aead6cd6dadd.v(3818)
HDL-7201 CRITICAL-WARNING: overwrite current ** '**' in import/TEMAC_CORE_aead6cd6dadd.v(3829)
HDL-7307 CRITICAL-WARNING: previous definition of design element ** '**' is here. This is because multiple modules(values) with the same name are defined. Please consider rewriting code in ../../../../../Anlogic/HX4S20_Contest_2025_7_29/lab_ex_2025_7_12_nosoft/HXEG420_lab_ex/lab_ex_4_tf_sdram_etnernet_pc/UDP_EG4_6.2/prj/UDP_EXAMPLE/al_ip/TEMAC_CORE/RTL/TEMAC_CORE_aead6cd6dadd.v(3829)
HDL-7201 CRITICAL-WARNING: overwrite current ** '**' in import/TEMAC_CORE_aead6cd6dadd.v(3844)
HDL-7307 CRITICAL-WARNING: previous definition of design element ** '**' is here. This is because multiple modules(values) with the same name are defined. Please consider rewriting code in ../../../../../Anlogic/HX4S20_Contest_2025_7_29/lab_ex_2025_7_12_nosoft/HXEG420_lab_ex/lab_ex_4_tf_sdram_etnernet_pc/UDP_EG4_6.2/prj/UDP_EXAMPLE/al_ip/TEMAC_CORE/RTL/TEMAC_CORE_aead6cd6dadd.v(3844)
HDL-7201 CRITICAL-WARNING: overwrite current ** '**' in import/TEMAC_CORE_aead6cd6dadd.v(3865)
HDL-7307 CRITICAL-WARNING: previous definition of design element ** '**' is here. This is because multiple modules(values) with the same name are defined. Please consider rewriting code in ../../../../../Anlogic/HX4S20_Contest_2025_7_29/lab_ex_2025_7_12_nosoft/HXEG420_lab_ex/lab_ex_4_tf_sdram_etnernet_pc/UDP_EG4_6.2/prj/UDP_EXAMPLE/al_ip/TEMAC_CORE/RTL/TEMAC_CORE_aead6cd6dadd.v(3865)
HDL-7201 CRITICAL-WARNING: overwrite current ** '**' in import/TEMAC_CORE_aead6cd6dadd.v(3988)
HDL-7307 CRITICAL-WARNING: previous definition of design element ** '**' is here. This is because multiple modules(values) with the same name are defined. Please consider rewriting code in ../../../../../Anlogic/HX4S20_Contest_2025_7_29/lab_ex_2025_7_12_nosoft/HXEG420_lab_ex/lab_ex_4_tf_sdram_etnernet_pc/UDP_EG4_6.2/prj/UDP_EXAMPLE/al_ip/TEMAC_CORE/RTL/TEMAC_CORE_aead6cd6dadd.v(3988)
HDL-7201 CRITICAL-WARNING: overwrite current ** '**' in import/TEMAC_CORE_aead6cd6dadd.v(4055)
HDL-7307 CRITICAL-WARNING: previous definition of design element ** '**' is here. This is because multiple modules(values) with the same name are defined. Please consider rewriting code in ../../../../../Anlogic/HX4S20_Contest_2025_7_29/lab_ex_2025_7_12_nosoft/HXEG420_lab_ex/lab_ex_4_tf_sdram_etnernet_pc/UDP_EG4_6.2/prj/UDP_EXAMPLE/al_ip/TEMAC_CORE/RTL/TEMAC_CORE_aead6cd6dadd.v(4055)
HDL-7201 CRITICAL-WARNING: overwrite current ** '**' in import/TEMAC_CORE_aead6cd6dadd.v(4147)
HDL-7307 CRITICAL-WARNING: previous definition of design element ** '**' is here. This is because multiple modules(values) with the same name are defined. Please consider rewriting code in ../../../../../Anlogic/HX4S20_Contest_2025_7_29/lab_ex_2025_7_12_nosoft/HXEG420_lab_ex/lab_ex_4_tf_sdram_etnernet_pc/UDP_EG4_6.2/prj/UDP_EXAMPLE/al_ip/TEMAC_CORE/RTL/TEMAC_CORE_aead6cd6dadd.v(4147)
HDL-7201 CRITICAL-WARNING: overwrite current ** '**' in import/TEMAC_CORE_aead6cd6dadd.v(4209)
HDL-7307 CRITICAL-WARNING: previous definition of design element ** '**' is here. This is because multiple modules(values) with the same name are defined. Please consider rewriting code in ../../../../../Anlogic/HX4S20_Contest_2025_7_29/lab_ex_2025_7_12_nosoft/HXEG420_lab_ex/lab_ex_4_tf_sdram_etnernet_pc/UDP_EG4_6.2/prj/UDP_EXAMPLE/al_ip/TEMAC_CORE/RTL/TEMAC_CORE_aead6cd6dadd.v(4209)
HDL-7201 CRITICAL-WARNING: overwrite current ** '**' in import/TEMAC_CORE_aead6cd6dadd.v(4444)
HDL-7307 CRITICAL-WARNING: previous definition of design element ** '**' is here. This is because multiple modules(values) with the same name are defined. Please consider rewriting code in ../../../../../Anlogic/HX4S20_Contest_2025_7_29/lab_ex_2025_7_12_nosoft/HXEG420_lab_ex/lab_ex_4_tf_sdram_etnernet_pc/UDP_EG4_6.2/prj/UDP_EXAMPLE/al_ip/TEMAC_CORE/RTL/TEMAC_CORE_aead6cd6dadd.v(4444)
HDL-7201 CRITICAL-WARNING: overwrite current ** '**' in import/TEMAC_CORE_aead6cd6dadd.v(4813)
HDL-7307 CRITICAL-WARNING: previous definition of design element ** '**' is here. This is because multiple modules(values) with the same name are defined. Please consider rewriting code in ../../../../../Anlogic/HX4S20_Contest_2025_7_29/lab_ex_2025_7_12_nosoft/HXEG420_lab_ex/lab_ex_4_tf_sdram_etnernet_pc/UDP_EG4_6.2/prj/UDP_EXAMPLE/al_ip/TEMAC_CORE/RTL/TEMAC_CORE_aead6cd6dadd.v(4813)
HDL-7201 CRITICAL-WARNING: overwrite current ** '**' in import/TEMAC_CORE_aead6cd6dadd.v(4868)
HDL-7307 CRITICAL-WARNING: previous definition of design element ** '**' is here. This is because multiple modules(values) with the same name are defined. Please consider rewriting code in ../../../../../Anlogic/HX4S20_Contest_2025_7_29/lab_ex_2025_7_12_nosoft/HXEG420_lab_ex/lab_ex_4_tf_sdram_etnernet_pc/UDP_EG4_6.2/prj/UDP_EXAMPLE/al_ip/TEMAC_CORE/RTL/TEMAC_CORE_aead6cd6dadd.v(4868)
HDL-1007 : undeclared symbol '**', assumed default net type '**' in import/TEMAC_CORE_aead6cd6dadd.v(5050)
HDL-1007 : undeclared symbol '**', assumed default net type '**' in import/TEMAC_CORE_aead6cd6dadd.v(5458)
HDL-7201 CRITICAL-WARNING: overwrite current ** '**' in import/TEMAC_CORE_aead6cd6dadd.v(4899)
HDL-7307 CRITICAL-WARNING: previous definition of design element ** '**' is here. This is because multiple modules(values) with the same name are defined. Please consider rewriting code in ../../../../../Anlogic/HX4S20_Contest_2025_7_29/lab_ex_2025_7_12_nosoft/HXEG420_lab_ex/lab_ex_4_tf_sdram_etnernet_pc/UDP_EG4_6.2/prj/UDP_EXAMPLE/al_ip/TEMAC_CORE/RTL/TEMAC_CORE_aead6cd6dadd.v(4899)
HDL-7201 CRITICAL-WARNING: overwrite current ** '**' in import/TEMAC_CORE_aead6cd6dadd.v(5470)
HDL-7307 CRITICAL-WARNING: previous definition of design element ** '**' is here. This is because multiple modules(values) with the same name are defined. Please consider rewriting code in ../../../../../Anlogic/HX4S20_Contest_2025_7_29/lab_ex_2025_7_12_nosoft/HXEG420_lab_ex/lab_ex_4_tf_sdram_etnernet_pc/UDP_EG4_6.2/prj/UDP_EXAMPLE/al_ip/TEMAC_CORE/RTL/TEMAC_CORE_aead6cd6dadd.v(5470)
HDL-5007 WARNING: column 1035 exceeds maximum value 1023 in import/TEMAC_CORE_aead6cd6dadd.v(6001)
HDL-7201 CRITICAL-WARNING: overwrite current ** '**' in import/TEMAC_CORE_aead6cd6dadd.v(5659)
HDL-7307 CRITICAL-WARNING: previous definition of design element ** '**' is here. This is because multiple modules(values) with the same name are defined. Please consider rewriting code in ../../../../../Anlogic/HX4S20_Contest_2025_7_29/lab_ex_2025_7_12_nosoft/HXEG420_lab_ex/lab_ex_4_tf_sdram_etnernet_pc/UDP_EG4_6.2/prj/UDP_EXAMPLE/al_ip/TEMAC_CORE/RTL/TEMAC_CORE_aead6cd6dadd.v(5659)
HDL-7201 CRITICAL-WARNING: overwrite current ** '**' in import/TEMAC_CORE_aead6cd6dadd.v(6199)
HDL-7307 CRITICAL-WARNING: previous definition of design element ** '**' is here. This is because multiple modules(values) with the same name are defined. Please consider rewriting code in ../../../../../Anlogic/HX4S20_Contest_2025_7_29/lab_ex_2025_7_12_nosoft/HXEG420_lab_ex/lab_ex_4_tf_sdram_etnernet_pc/UDP_EG4_6.2/prj/UDP_EXAMPLE/al_ip/TEMAC_CORE/RTL/TEMAC_CORE_aead6cd6dadd.v(6199)
HDL-7201 CRITICAL-WARNING: overwrite current ** '**' in import/TEMAC_CORE_aead6cd6dadd.v(6270)
HDL-7307 CRITICAL-WARNING: previous definition of design element ** '**' is here. This is because multiple modules(values) with the same name are defined. Please consider rewriting code in ../../../../../Anlogic/HX4S20_Contest_2025_7_29/lab_ex_2025_7_12_nosoft/HXEG420_lab_ex/lab_ex_4_tf_sdram_etnernet_pc/UDP_EG4_6.2/prj/UDP_EXAMPLE/al_ip/TEMAC_CORE/RTL/TEMAC_CORE_aead6cd6dadd.v(6270)
HDL-7201 CRITICAL-WARNING: overwrite current ** '**' in import/TEMAC_CORE_aead6cd6dadd.v(6495)
HDL-7307 CRITICAL-WARNING: previous definition of design element ** '**' is here. This is because multiple modules(values) with the same name are defined. Please consider rewriting code in ../../../../../Anlogic/HX4S20_Contest_2025_7_29/lab_ex_2025_7_12_nosoft/HXEG420_lab_ex/lab_ex_4_tf_sdram_etnernet_pc/UDP_EG4_6.2/prj/UDP_EXAMPLE/al_ip/TEMAC_CORE/RTL/TEMAC_CORE_aead6cd6dadd.v(6495)
HDL-7201 CRITICAL-WARNING: overwrite current ** '**' in import/TEMAC_CORE_aead6cd6dadd.v(6852)
HDL-7307 CRITICAL-WARNING: previous definition of design element ** '**' is here. This is because multiple modules(values) with the same name are defined. Please consider rewriting code in ../../../../../Anlogic/HX4S20_Contest_2025_7_29/lab_ex_2025_7_12_nosoft/HXEG420_lab_ex/lab_ex_4_tf_sdram_etnernet_pc/UDP_EG4_6.2/prj/UDP_EXAMPLE/al_ip/TEMAC_CORE/RTL/TEMAC_CORE_aead6cd6dadd.v(6852)
HDL-7201 CRITICAL-WARNING: overwrite current ** '**' in import/TEMAC_CORE_aead6cd6dadd.v(6947)
HDL-7307 CRITICAL-WARNING: previous definition of design element ** '**' is here. This is because multiple modules(values) with the same name are defined. Please consider rewriting code in ../../../../../Anlogic/HX4S20_Contest_2025_7_29/lab_ex_2025_7_12_nosoft/HXEG420_lab_ex/lab_ex_4_tf_sdram_etnernet_pc/UDP_EG4_6.2/prj/UDP_EXAMPLE/al_ip/TEMAC_CORE/RTL/TEMAC_CORE_aead6cd6dadd.v(6947)
HDL-7201 CRITICAL-WARNING: overwrite current ** '**' in import/TEMAC_CORE_aead6cd6dadd.v(7513)
HDL-7307 CRITICAL-WARNING: previous definition of design element ** '**' is here. This is because multiple modules(values) with the same name are defined. Please consider rewriting code in ../../../../../Anlogic/HX4S20_Contest_2025_7_29/lab_ex_2025_7_12_nosoft/HXEG420_lab_ex/lab_ex_4_tf_sdram_etnernet_pc/UDP_EG4_6.2/prj/UDP_EXAMPLE/al_ip/TEMAC_CORE/RTL/TEMAC_CORE_aead6cd6dadd.v(7513)
HDL-7201 CRITICAL-WARNING: overwrite current ** '**' in import/TEMAC_CORE_aead6cd6dadd.v(7839)
HDL-7307 CRITICAL-WARNING: previous definition of design element ** '**' is here. This is because multiple modules(values) with the same name are defined. Please consider rewriting code in ../../../../../Anlogic/HX4S20_Contest_2025_7_29/lab_ex_2025_7_12_nosoft/HXEG420_lab_ex/lab_ex_4_tf_sdram_etnernet_pc/UDP_EG4_6.2/prj/UDP_EXAMPLE/al_ip/TEMAC_CORE/RTL/TEMAC_CORE_aead6cd6dadd.v(7839)
HDL-7201 CRITICAL-WARNING: overwrite current ** '**' in import/TEMAC_CORE_aead6cd6dadd.v(8272)
HDL-7307 CRITICAL-WARNING: previous definition of design element ** '**' is here. This is because multiple modules(values) with the same name are defined. Please consider rewriting code in ../../../../../Anlogic/HX4S20_Contest_2025_7_29/lab_ex_2025_7_12_nosoft/HXEG420_lab_ex/lab_ex_4_tf_sdram_etnernet_pc/UDP_EG4_6.2/prj/UDP_EXAMPLE/al_ip/TEMAC_CORE/RTL/TEMAC_CORE_aead6cd6dadd.v(8272)
HDL-7201 CRITICAL-WARNING: overwrite current ** '**' in import/TEMAC_CORE_aead6cd6dadd.v(8504)
HDL-7307 CRITICAL-WARNING: previous definition of design element ** '**' is here. This is because multiple modules(values) with the same name are defined. Please consider rewriting code in ../../../../../Anlogic/HX4S20_Contest_2025_7_29/lab_ex_2025_7_12_nosoft/HXEG420_lab_ex/lab_ex_4_tf_sdram_etnernet_pc/UDP_EG4_6.2/prj/UDP_EXAMPLE/al_ip/TEMAC_CORE/RTL/TEMAC_CORE_aead6cd6dadd.v(8504)
HDL-7201 CRITICAL-WARNING: overwrite current ** '**' in import/TEMAC_CORE_aead6cd6dadd.v(8830)
HDL-7307 CRITICAL-WARNING: previous definition of design element ** '**' is here. This is because multiple modules(values) with the same name are defined. Please consider rewriting code in ../../../../../Anlogic/HX4S20_Contest_2025_7_29/lab_ex_2025_7_12_nosoft/HXEG420_lab_ex/lab_ex_4_tf_sdram_etnernet_pc/UDP_EG4_6.2/prj/UDP_EXAMPLE/al_ip/TEMAC_CORE/RTL/TEMAC_CORE_aead6cd6dadd.v(8830)
HDL-7201 CRITICAL-WARNING: overwrite current ** '**' in import/TEMAC_CORE_aead6cd6dadd.v(8904)
HDL-7307 CRITICAL-WARNING: previous definition of design element ** '**' is here. This is because multiple modules(values) with the same name are defined. Please consider rewriting code in ../../../../../Anlogic/HX4S20_Contest_2025_7_29/lab_ex_2025_7_12_nosoft/HXEG420_lab_ex/lab_ex_4_tf_sdram_etnernet_pc/UDP_EG4_6.2/prj/UDP_EXAMPLE/al_ip/TEMAC_CORE/RTL/TEMAC_CORE_aead6cd6dadd.v(8904)
HDL-7201 CRITICAL-WARNING: overwrite current ** '**' in import/TEMAC_CORE_aead6cd6dadd.v(8971)
HDL-7307 CRITICAL-WARNING: previous definition of design element ** '**' is here. This is because multiple modules(values) with the same name are defined. Please consider rewriting code in ../../../../../Anlogic/HX4S20_Contest_2025_7_29/lab_ex_2025_7_12_nosoft/HXEG420_lab_ex/lab_ex_4_tf_sdram_etnernet_pc/UDP_EG4_6.2/prj/UDP_EXAMPLE/al_ip/TEMAC_CORE/RTL/TEMAC_CORE_aead6cd6dadd.v(8971)
HDL-7201 CRITICAL-WARNING: overwrite current ** '**' in import/TEMAC_CORE_aead6cd6dadd.v(9050)
HDL-7307 CRITICAL-WARNING: previous definition of design element ** '**' is here. This is because multiple modules(values) with the same name are defined. Please consider rewriting code in ../../../../../Anlogic/HX4S20_Contest_2025_7_29/lab_ex_2025_7_12_nosoft/HXEG420_lab_ex/lab_ex_4_tf_sdram_etnernet_pc/UDP_EG4_6.2/prj/UDP_EXAMPLE/al_ip/TEMAC_CORE/RTL/TEMAC_CORE_aead6cd6dadd.v(9050)
HDL-7201 CRITICAL-WARNING: overwrite current ** '**' in import/TEMAC_CORE_aead6cd6dadd.v(9306)
HDL-7307 CRITICAL-WARNING: previous definition of design element ** '**' is here. This is because multiple modules(values) with the same name are defined. Please consider rewriting code in ../../../../../Anlogic/HX4S20_Contest_2025_7_29/lab_ex_2025_7_12_nosoft/HXEG420_lab_ex/lab_ex_4_tf_sdram_etnernet_pc/UDP_EG4_6.2/prj/UDP_EXAMPLE/al_ip/TEMAC_CORE/RTL/TEMAC_CORE_aead6cd6dadd.v(9306)
HDL-1007 : back to file 'import/TEMAC_CORE_aead6cd6dadd.v' in import/TEMAC_CORE_aead6cd6dadd.v(260)
HDL-1007 : analyze verilog file import/TEMAC_CORE.v
HDL-7201 CRITICAL-WARNING: overwrite current module 'TEMAC_CORE' in import/TEMAC_CORE.v(9)
HDL-7307 CRITICAL-WARNING: previous definition of design element module 'TEMAC_CORE' is here. This is because multiple modules(values) with the same name are defined. Please consider rewriting code in ../../../../../Anlogic/HX4S20_Contest_2025_7_29/lab_ex_2025_7_12_nosoft/HXEG420_lab_ex/lab_ex_4_tf_sdram_etnernet_pc/UDP_EG4_6.2/prj/UDP_EXAMPLE/al_ip/TEMAC_CORE/TEMAC_CORE.v(9)
HDL-1007 : analyze verilog file import/pll_gen.v
HDL-1007 : undeclared symbol 'pll_gen_open0', assumed default net type 'wire' in import/pll_gen.v(99)
HDL-1007 : undeclared symbol 'pll_gen_open8', assumed default net type 'wire' in import/pll_gen.v(105)
HDL-1007 : undeclared symbol 'pll_gen_open7', assumed default net type 'wire' in import/pll_gen.v(105)
HDL-1007 : undeclared symbol 'pll_gen_open6', assumed default net type 'wire' in import/pll_gen.v(105)
HDL-1007 : undeclared symbol 'pll_gen_open5', assumed default net type 'wire' in import/pll_gen.v(105)
HDL-1007 : undeclared symbol 'pll_gen_open4', assumed default net type 'wire' in import/pll_gen.v(105)
HDL-1007 : undeclared symbol 'pll_gen_open3', assumed default net type 'wire' in import/pll_gen.v(105)
HDL-1007 : undeclared symbol 'pll_gen_open2', assumed default net type 'wire' in import/pll_gen.v(105)
HDL-1007 : undeclared symbol 'pll_gen_open1', assumed default net type 'wire' in import/pll_gen.v(105)
HDL-7201 CRITICAL-WARNING: overwrite current module 'pll_gen' in import/pll_gen.v(26)
HDL-7307 CRITICAL-WARNING: previous definition of design element module 'pll_gen' is here. This is because multiple modules(values) with the same name are defined. Please consider rewriting code in ../../../../../Anlogic/HX4S20_Contest_2025_7_29/lab_ex_2025_7_12_nosoft/HXEG420_lab_ex/lab_ex_4_tf_sdram_etnernet_pc/UDP_EG4_6.2/prj/UDP_EXAMPLE/al_ip/pll_gen.v(26)
HDL-1007 : analyze verilog file import/rx_pll.v
HDL-1007 : undeclared symbol 'open', assumed default net type 'wire' in import/rx_pll.v(78)
HDL-7201 CRITICAL-WARNING: overwrite current module 'rx_pll' in import/rx_pll.v(24)
HDL-7307 CRITICAL-WARNING: previous definition of design element module 'rx_pll' is here. This is because multiple modules(values) with the same name are defined. Please consider rewriting code in ../../../../../Anlogic/HX4S20_Contest_2025_7_29/lab_ex_2025_7_12_nosoft/HXEG420_lab_ex/lab_ex_4_tf_sdram_etnernet_pc/UDP_EG4_6.2/prj/UDP_EXAMPLE/al_ip/rx_pll.v(24)
HDL-1007 : analyze verilog file import/afifo_16_32_256.v
HDL-7201 CRITICAL-WARNING: overwrite current module 'wfifo_32_32_512' in import/afifo_16_32_256.v(13)
HDL-7307 CRITICAL-WARNING: previous definition of design element module 'wfifo_32_32_512' is here. This is because multiple modules(values) with the same name are defined. Please consider rewriting code in ../../../../../Anlogic/HX4S20_Contest_2025_7_29/lab_ex_2025_7_12_nosoft/HXEG420_lab_ex/lab_ex_5_HX4S20_OV5640/al_ip/afifo_16_32_256.v(13)
HDL-7201 CRITICAL-WARNING: overwrite current module 'fifo_cross_domain_addr_process_al_wfifo_32_32_512' in import/afifo_16_32_256.v(250)
HDL-7307 CRITICAL-WARNING: previous definition of design element module 'fifo_cross_domain_addr_process_al_wfifo_32_32_512' is here. This is because multiple modules(values) with the same name are defined. Please consider rewriting code in ../../../../../Anlogic/HX4S20_Contest_2025_7_29/lab_ex_2025_7_12_nosoft/HXEG420_lab_ex/lab_ex_5_HX4S20_OV5640/al_ip/afifo_16_32_256.v(250)
HDL-7201 CRITICAL-WARNING: overwrite current module 'ram_infer_wfifo_32_32_512' in import/afifo_16_32_256.v(333)
HDL-7307 CRITICAL-WARNING: previous definition of design element module 'ram_infer_wfifo_32_32_512' is here. This is because multiple modules(values) with the same name are defined. Please consider rewriting code in ../../../../../Anlogic/HX4S20_Contest_2025_7_29/lab_ex_2025_7_12_nosoft/HXEG420_lab_ex/lab_ex_5_HX4S20_OV5640/al_ip/afifo_16_32_256.v(333)
HDL-1007 : analyze verilog file import/afifo_32_16_256.v
HDL-7201 CRITICAL-WARNING: overwrite current module 'rfifo_32_32_512' in import/afifo_32_16_256.v(13)
HDL-7307 CRITICAL-WARNING: previous definition of design element module 'rfifo_32_32_512' is here. This is because multiple modules(values) with the same name are defined. Please consider rewriting code in ../../../../../Anlogic/HX4S20_Contest_2025_7_29/lab_ex_2025_7_12_nosoft/HXEG420_lab_ex/lab_ex_5_HX4S20_OV5640/al_ip/afifo_32_16_256.v(13)
HDL-7201 CRITICAL-WARNING: overwrite current module 'fifo_cross_domain_addr_process_al_rfifo_32_32_512' in import/afifo_32_16_256.v(250)
HDL-7307 CRITICAL-WARNING: previous definition of design element module 'fifo_cross_domain_addr_process_al_rfifo_32_32_512' is here. This is because multiple modules(values) with the same name are defined. Please consider rewriting code in ../../../../../Anlogic/HX4S20_Contest_2025_7_29/lab_ex_2025_7_12_nosoft/HXEG420_lab_ex/lab_ex_5_HX4S20_OV5640/al_ip/afifo_32_16_256.v(250)
HDL-7201 CRITICAL-WARNING: overwrite current module 'ram_infer_rfifo_32_32_512' in import/afifo_32_16_256.v(333)
HDL-7307 CRITICAL-WARNING: previous definition of design element module 'ram_infer_rfifo_32_32_512' is here. This is because multiple modules(values) with the same name are defined. Please consider rewriting code in ../../../../../Anlogic/HX4S20_Contest_2025_7_29/lab_ex_2025_7_12_nosoft/HXEG420_lab_ex/lab_ex_5_HX4S20_OV5640/al_ip/afifo_32_16_256.v(333)
HDL-1007 : analyze verilog file import/video_pll.v
HDL-1007 : undeclared symbol 'open', assumed default net type 'wire' in import/video_pll.v(70)
HDL-7201 CRITICAL-WARNING: overwrite current module 'video_pll' in import/video_pll.v(23)
HDL-7307 CRITICAL-WARNING: previous definition of design element module 'video_pll' is here. This is because multiple modules(values) with the same name are defined. Please consider rewriting code in ../../../../../Anlogic/HX4S20_Contest_2025_7_29/lab_ex_2025_7_12_nosoft/HXEG420_lab_ex/lab_ex_5_HX4S20_OV5640/al_ip/video_pll.v(23)
HDL-1007 : analyze verilog file import/sys_pll.v
HDL-1007 : undeclared symbol 'open', assumed default net type 'wire' in import/sys_pll.v(77)
HDL-7201 CRITICAL-WARNING: overwrite current module 'sys_pll' in import/sys_pll.v(24)
HDL-7307 CRITICAL-WARNING: previous definition of design element module 'sys_pll' is here. This is because multiple modules(values) with the same name are defined. Please consider rewriting code in ../../../../../Anlogic/HX4S20_Contest_2025_7_29/lab_ex_2025_7_12_nosoft/HXEG420_lab_ex/lab_ex_6_tf_sdram_hdmi/al_ip/sys_pll.v(24)
HDL-1007 : analyze verilog file import/sd_card_bmp.v
HDL-1007 : analyze verilog file import/seg_decoder.v
HDL-1007 : analyze verilog file import/seg_scan.v
HDL-1007 : analyze verilog file import/ax_debounce.v
HDL-1007 : analyze verilog file import/bmp_read.v
HDL-1007 : analyze verilog file import/top_integrated.v
PRJ-1412 : reset_run syn_1 phy_1.
PRJ-1409 : launch_runs syn_1 phy_1  -jobs 6.
PRJ-1410 : Run syn_1 success.
PRJ-1410 : Run phy_1 success.
RUN-1002 : start command "save_best_bits"
PRJ-1424 : The implemented result of phy_1 is saved as best result.
RUN-1002 : start command "import_db C:/Users/xvhao/Desktop/prj/q3v3 _source/q4_Runs/phy_1/q4_pr.db"
RUN-1001 : Importing database generated by Tang Dynasty, V6.2.168116.
RUN-1001 : Database version number 46207
RUN-1001 : Import flow parameters
RUN-1001 : Import netlist
PHY-1001 : Generate detailed routing grids ...
PHY-1001 : End build routing graph; 1.663585s wall, 1.437500s user + 0.328125s system = 1.765625s CPU (106.1%)

PHY-1001 : Build lut bridge;  0.229845s wall, 0.234375s user + 0.015625s system = 0.250000s CPU (108.8%)

PHY-1001 : Generate nets ...
PHY-1001 : net clk_dup_1 will be routed on clock mesh
PHY-1001 : net phy1_rgmii_rx_clk_dup_1 will be routed on clock mesh
PHY-1001 : net U3/u2_ram/SDRAM_CLK will be routed on clock mesh
PHY-1001 : clock net u_ov5640_dri/u_i2c_dr/dri_clk_syn_4 will be merged with clock u_ov5640_dri/u_i2c_dr/dri_clk
PHY-1001 : clock net frame_read_write_m0/write_clk_syn_4 will be merged with clock frame_read_write_m0/write_clk
PHY-1001 : clock net cam_pclk_syn_4 will be merged with clock cam_pclk_dup_1
PHY-1001 : net frame_read_write_m0/read_buf/clkw will be routed on clock mesh
PHY-1001 : clock net sd_card_bmp_m0/bmp_read_m0/clk will be merged with clock sys_pll_m0/clk0_buf
PHY-1001 : clock net u_rx_pll/clk0_out will be merged with clock u_rx_pll/clk0_buf
PHY-1001 : clock net u_clk_gen/u_pll_0/clk0_out will be merged with clock u_clk_gen/u_pll_0/clk0_buf
PHY-1001 : net u4_trimac_block/u1_rgmii_interface/rgmii_txc_ddr/clk will be routed on clock mesh
PHY-1001 : net u4_trimac_block/gtx_clk will be routed on clock mesh
PHY-1001 : clock net u4_trimac_block/rx_clk will be merged with clock u4_trimac_block/u1_rgmii_interface/rgmii_rxc
PHY-1001 : eco open net = 0
PHY-1001 : 173 feed throughs used by 116 nets
RUN-1001 : Import phy database
RUN-1001 : Import timing constraints
RUN-1001 : Import IO constraints
RUN-1001 : Import Inst constraints
RUN-1001 : Import ChipWatcher
RUN-1001 : Import design success TD_VERSION=6.2.168116 , DB_VERSION=46207
RUN-1003 : finish command "import_db C:/Users/xvhao/Desktop/prj/q3v3 _source/q4_Runs/phy_1/q4_pr.db" in  8.956814s wall, 8.234375s user + 1.421875s system = 9.656250s CPU (107.8%)

RUN-1004 : used memory is 731 MB, reserved memory is 778 MB, peak memory is 811 MB
